,doc,query_date,query_date_weekday,click rate
548,FMT_POS_0320,01/01/2017,7,0.07148110425153313
221,FMT_POS_7210,01/01/2017,7,0.0693693879358765
68,FMT_POS_0180,01/01/2017,7,0.055590769706061124
370,FMT_POS_0310,01/01/2017,7,0.08940189952380642
426,FMT_POS_0070,01/01/2017,7,0.06764374065510997
186,FMT_POS_1570,01/01/2017,7,0.07554098116767363
670,FMT_PA_0750,01/01/2017,7,0.0577290135270169
657,FMT_POS_0340,01/01/2017,7,0.05731157017664344
510,FMT_POS_0100,01/01/2017,7,0.06590265862234135
22,FMT_PA_0852,01/01/2017,7,0.055999086304028646
458,FMT_PA_0854,01/01/2017,7,0.05684008318035558
355,FMT_POS_0090,01/01/2017,7,0.06277227673041376
391,FMT_PA_0850,01/01/2017,7,0.055318716938307685
281,FMT_PA_0851,01/01/2017,7,0.0664516980903625
303,FMT_POS_0130,01/01/2017,7,0.05677832619434796
489,FMT_PA_0710,01/01/2017,7,0.07876473091885972
111,FMT_POS_0150,01/01/2017,7,0.07483644311112851
248,FMT_PA_0790,01/01/2017,7,0.05430618043998804
222,FMT_POS_7210,01/02/2017,1,0.06184133815032181
1193,FMT_UNB_0090,01/02/2017,1,0.08272338590966043
1123,FMT_UNB_0091,01/02/2017,1,0.056084656084656084
69,FMT_POS_0180,01/03/2017,2,0.06163409352260282
23,FMT_PA_0852,01/05/2017,4,0.05059677366350233
282,FMT_PA_0851,01/05/2017,4,0.0519297188523463
223,FMT_POS_7210,01/06/2017,5,0.05072751360327154
24,FMT_PA_0852,01/06/2017,5,0.05694378214031907
100,FMT_PA_0855,01/06/2017,5,0.05656633164745231
459,FMT_PA_0854,01/06/2017,5,0.054484094812959086
511,FMT_POS_0100,01/07/2017,6,0.05857319807245269
101,FMT_PA_0855,01/07/2017,6,0.060991389935182196
460,FMT_PA_0854,01/07/2017,6,0.05113423224660503
490,FMT_PA_0710,01/07/2017,6,0.050092673919969154
549,FMT_POS_0320,01/07/2017,6,0.05609459620636757
0,FMT_PA_0780,01/07/2017,6,0.05396763696263539
25,FMT_PA_0852,01/07/2017,6,0.058723180982709386
356,FMT_POS_0090,01/07/2017,6,0.06360638808801415
427,FMT_POS_0070,01/08/2017,7,0.05173038847562875
70,FMT_POS_0180,01/08/2017,7,0.05373356223877944
671,FMT_PA_0750,01/08/2017,7,0.05137466512880885
1,FMT_PA_0780,01/08/2017,7,0.056828956929218515
450,FMT_PA_0853,01/08/2017,7,0.05466435185032847
26,FMT_PA_0852,01/08/2017,7,0.05265473508583212
461,FMT_PA_0854,01/08/2017,7,0.052371019867832005
357,FMT_POS_0090,01/08/2017,7,0.05164783429612702
550,FMT_POS_0320,01/08/2017,7,0.050876406988178344
283,FMT_PA_0851,01/08/2017,7,0.0501649122567059
224,FMT_POS_7210,01/09/2017,1,0.06085247608514201
27,FMT_PA_0852,01/09/2017,1,0.05051407298410562
304,FMT_POS_0130,01/09/2017,1,0.05223255046018877
917,FMT_POS_190,01/11/2017,3,0.05122085588871954
918,FMT_POS_190,01/12/2017,4,0.08581650103456738
225,FMT_POS_7210,01/13/2017,5,0.05049762148912785
512,FMT_POS_0100,01/14/2017,6,0.06722621419292757
284,FMT_PA_0851,01/14/2017,6,0.05895532614018355
187,FMT_POS_1570,01/14/2017,6,0.05830556579229481
551,FMT_POS_0320,01/14/2017,6,0.05227368956467566
672,FMT_PA_0750,01/14/2017,6,0.05500959414981148
428,FMT_POS_0070,01/14/2017,6,0.054289658044831386
392,FMT_PA_0850,01/14/2017,6,0.05839578264558291
451,FMT_PA_0853,01/14/2017,6,0.056107301182269496
358,FMT_POS_0090,01/14/2017,6,0.058598092034831864
188,FMT_POS_1570,01/15/2017,7,0.06062813357538891
491,FMT_PA_0710,01/15/2017,7,0.05311590914532091
429,FMT_POS_0070,01/15/2017,7,0.052535272079919114
513,FMT_POS_0100,01/15/2017,7,0.06457969404640741
285,FMT_PA_0851,01/15/2017,7,0.05791914246826183
359,FMT_POS_0090,01/15/2017,7,0.05739298261654416
371,FMT_POS_0310,01/15/2017,7,0.05014296434687109
393,FMT_PA_0850,01/15/2017,7,0.05909685437862395
552,FMT_POS_0320,01/15/2017,7,0.050087227240282285
28,FMT_PA_0852,01/15/2017,7,0.05325488453323064
286,FMT_PA_0851,01/16/2017,1,0.06035387952628229
329,FMT_POS_7220,01/16/2017,1,0.0535159250827129
394,FMT_PA_0850,01/16/2017,1,0.05232776975873288
226,FMT_POS_7210,01/16/2017,1,0.05010398376697189
189,FMT_POS_1570,01/18/2017,3,0.05413112107420759
190,FMT_POS_1570,01/19/2017,4,0.05218880368183942
514,FMT_POS_0100,01/21/2017,6,0.05272257554294166
452,FMT_PA_0853,01/21/2017,6,0.05051409059057131
395,FMT_PA_0850,01/21/2017,6,0.05250712505028362
71,FMT_POS_0180,01/22/2017,7,0.05431857647496731
396,FMT_PA_0850,01/22/2017,7,0.050723401527429664
191,FMT_POS_1570,01/22/2017,7,0.06405333459429335
227,FMT_POS_7210,01/23/2017,1,0.05105545915989223
1086,FMT_PA_0770,01/23/2017,1,0.13333333333333333
1087,FMT_PA_0770,01/26/2017,4,0.13416666666666668
1088,FMT_PA_0770,01/27/2017,5,0.13333333333333333
515,FMT_POS_0100,01/29/2017,7,0.052576296447005816
397,FMT_PA_0850,01/30/2017,1,0.05758588601041744
228,FMT_POS_7210,01/30/2017,1,0.05309769203628854
1089,FMT_PA_0770,01/30/2017,1,0.43333333333333335
229,FMT_POS_7210,01/31/2017,2,0.05044365601212711
615,FMT_POS_0080,01/31/2017,2,0.06760787874562439
160,FMT_POS_0470,01/31/2017,2,0.0547901541558846
398,FMT_PA_0850,01/31/2017,2,0.05876051047977507
372,FMT_POS_0310,02/01/2017,3,0.07064654405647203
492,FMT_PA_0710,02/01/2017,3,0.06759961153756051
287,FMT_PA_0851,02/01/2017,3,0.051035140700708664
649,FMT_POS_7230,02/01/2017,3,0.061760100219033685
192,FMT_POS_1570,02/01/2017,3,0.07032566344584369
553,FMT_POS_0320,02/01/2017,3,0.0554080276522343
230,FMT_POS_7210,02/01/2017,3,0.07517259532674495
305,FMT_POS_0130,02/01/2017,3,0.05581814502294948
72,FMT_POS_0180,02/01/2017,3,0.0648588741664077
112,FMT_POS_0150,02/01/2017,3,0.079890655102514
399,FMT_PA_0850,02/01/2017,3,0.06149594087144565
658,FMT_POS_0340,02/01/2017,3,0.055972997958250094
462,FMT_PA_0854,02/02/2017,4,0.051131513745201904
113,FMT_POS_0150,02/02/2017,4,0.053361663954540055
288,FMT_PA_0851,02/02/2017,4,0.05148626764515878
650,FMT_POS_7230,02/02/2017,4,0.05390568212484884
249,FMT_PA_0790,02/02/2017,4,0.05471743071743072
29,FMT_PA_0852,02/02/2017,4,0.054069025989700856
430,FMT_POS_0070,02/02/2017,4,0.05499450028947176
463,FMT_PA_0854,02/03/2017,5,0.05942449095976561
231,FMT_POS_7210,02/03/2017,5,0.05314209532466252
2,FMT_PA_0780,02/03/2017,5,0.05084122813662744
431,FMT_POS_0070,02/04/2017,6,0.05226333402470334
193,FMT_POS_1570,02/04/2017,6,0.05344483595719742
289,FMT_PA_0851,02/04/2017,6,0.06084697616934203
464,FMT_PA_0854,02/04/2017,6,0.050596005715947884
373,FMT_POS_0310,02/04/2017,6,0.07310708479500906
360,FMT_POS_0090,02/04/2017,6,0.07288602657817896
493,FMT_PA_0710,02/04/2017,6,0.056845517299686496
516,FMT_POS_0100,02/04/2017,6,0.06243735223614246
30,FMT_PA_0852,02/04/2017,6,0.050376106266574926
3,FMT_PA_0780,02/04/2017,6,0.0510919429694696
361,FMT_POS_0090,02/05/2017,7,0.07121935991151228
290,FMT_PA_0851,02/05/2017,7,0.057166420613786476
31,FMT_PA_0852,02/05/2017,7,0.054092133243339946
517,FMT_POS_0100,02/05/2017,7,0.06439813654986797
374,FMT_POS_0310,02/05/2017,7,0.061181279119203395
4,FMT_PA_0780,02/05/2017,7,0.056590680343206974
161,FMT_POS_0470,02/05/2017,7,0.0526574193731744
232,FMT_POS_7210,02/06/2017,1,0.07359083158583175
32,FMT_PA_0852,02/06/2017,1,0.06424164757785873
306,FMT_POS_0130,02/06/2017,1,0.05337614076289306
265,FMT_POS_0110,02/06/2017,1,0.05641420343676705
162,FMT_POS_0470,02/07/2017,2,0.054545007394645066
518,FMT_POS_0100,02/07/2017,2,0.053210593822655965
33,FMT_PA_0852,02/07/2017,2,0.05474952482437376
73,FMT_POS_0180,02/07/2017,2,0.070265937278766
362,FMT_POS_0090,02/07/2017,2,0.05057570576461132
307,FMT_POS_0130,02/08/2017,3,0.05185803571418279
102,FMT_PA_0855,02/09/2017,4,0.05589983613662476
494,FMT_PA_0710,02/11/2017,6,0.05346468639540136
363,FMT_POS_0090,02/11/2017,6,0.05306015593885937
432,FMT_POS_0070,02/11/2017,6,0.05249032846457318
330,FMT_POS_7220,02/11/2017,6,0.06083641835903576
453,FMT_PA_0853,02/11/2017,6,0.055803348911993005
5,FMT_PA_0780,02/11/2017,6,0.0515932089883622
454,FMT_PA_0853,02/12/2017,7,0.05535657346521757
919,FMT_POS_190,02/12/2017,7,0.06413046836062164
433,FMT_POS_0070,02/12/2017,7,0.05249032846457318
331,FMT_POS_7220,02/12/2017,7,0.05540617608668823
364,FMT_POS_0090,02/12/2017,7,0.054241432995136424
233,FMT_POS_7210,02/13/2017,1,0.05506295039383275
250,FMT_PA_0790,02/13/2017,1,0.051567583826211384
365,FMT_POS_0090,02/14/2017,2,0.054114209374594616
74,FMT_POS_0180,02/14/2017,2,0.0587073414843915
400,FMT_PA_0850,02/14/2017,2,0.05110477200079037
49,FMT_POS_0290,02/15/2017,3,0.05062433537682203
234,FMT_POS_7210,02/15/2017,3,0.057783532697648146
194,FMT_POS_1570,02/15/2017,3,0.05477909909430526
163,FMT_POS_0470,02/17/2017,5,0.05389771653764052
34,FMT_PA_0852,02/17/2017,5,0.050740192120303
495,FMT_PA_0710,02/18/2017,6,0.05291825201568622
266,FMT_POS_0110,02/18/2017,6,0.053724002638398376
554,FMT_POS_0320,02/18/2017,6,0.05498048864715531
673,FMT_PA_0750,02/18/2017,6,0.05318569532055043
455,FMT_PA_0853,02/18/2017,6,0.05791488027808529
434,FMT_POS_0070,02/18/2017,6,0.05863334067798769
35,FMT_PA_0852,02/18/2017,6,0.05274526656312002
195,FMT_POS_1570,02/18/2017,6,0.05528870634585921
519,FMT_POS_0100,02/18/2017,6,0.05695966695394613
75,FMT_POS_0180,02/18/2017,6,0.0570355539680494
401,FMT_PA_0850,02/18/2017,6,0.06214915234753033
114,FMT_POS_0150,02/18/2017,6,0.05019317878654657
366,FMT_POS_0090,02/18/2017,6,0.05269008505790038
76,FMT_POS_0180,02/19/2017,7,0.05575350268599812
520,FMT_POS_0100,02/19/2017,7,0.056604249424615546
375,FMT_POS_0310,02/19/2017,7,0.053692795351728266
402,FMT_PA_0850,02/19/2017,7,0.05730375264918945
196,FMT_POS_1570,02/19/2017,7,0.050566484123637
496,FMT_PA_0710,02/19/2017,7,0.05486767455650662
555,FMT_POS_0320,02/19/2017,7,0.052698437365104024
435,FMT_POS_0070,02/19/2017,7,0.05863334067798769
456,FMT_PA_0853,02/19/2017,7,0.05779410733122538
465,FMT_PA_0854,02/20/2017,1,0.0527636898764547
36,FMT_PA_0852,02/20/2017,1,0.050595998129537814
235,FMT_POS_7210,02/20/2017,1,0.050077428475979194
616,FMT_POS_0080,02/20/2017,1,0.05038626663684491
948,ODS_POS_1670,02/20/2017,1,0.050208576125649704
308,FMT_POS_0130,02/20/2017,1,0.05411615300311914
50,FMT_POS_0290,02/21/2017,2,0.05354265970070098
403,FMT_PA_0850,02/21/2017,2,0.06348712925555806
309,FMT_POS_0130,02/21/2017,2,0.05185880047772632
164,FMT_POS_0470,02/21/2017,2,0.05342696511662029
457,FMT_PA_0853,02/21/2017,2,0.05394423645966522
267,FMT_POS_0110,02/21/2017,2,0.0554839060207479
236,FMT_POS_7210,02/22/2017,3,0.052581846069768866
197,FMT_POS_1570,02/22/2017,3,0.05728156073013423
1090,FMT_PA_0770,02/26/2017,7,0.13333333333333333
1091,FMT_PA_0770,02/27/2017,1,0.5666666666666667
404,FMT_PA_0850,03/01/2017,3,0.0638688226193274
115,FMT_POS_0150,03/01/2017,3,0.08081180333689142
497,FMT_PA_0710,03/01/2017,3,0.06548527396950243
251,FMT_PA_0790,03/01/2017,3,0.05251228828678687
237,FMT_POS_7210,03/01/2017,3,0.07488940893223658
651,FMT_POS_7230,03/01/2017,3,0.06413351412717945
376,FMT_POS_0310,03/01/2017,3,0.07516380305853988
198,FMT_POS_1570,03/01/2017,3,0.06846736369961291
291,FMT_PA_0851,03/01/2017,3,0.05575349848907922
77,FMT_POS_0180,03/01/2017,3,0.051558146396112475
556,FMT_POS_0320,03/01/2017,3,0.06056061018029879
43,FMT_POS_0360,03/02/2017,4,0.05102059496362847
51,FMT_POS_0290,03/02/2017,4,0.05178872141009823
436,FMT_POS_0070,03/02/2017,4,0.06034743493326097
252,FMT_PA_0790,03/02/2017,4,0.06285694176998526
37,FMT_PA_0852,03/02/2017,4,0.05499541207579598
498,FMT_PA_0710,03/04/2017,6,0.0539542447717617
199,FMT_POS_1570,03/04/2017,6,0.05666671228522868
367,FMT_POS_0090,03/04/2017,6,0.05937482187558465
521,FMT_POS_0100,03/04/2017,6,0.0501213221040873
377,FMT_POS_0310,03/04/2017,6,0.053847733156466945
116,FMT_POS_0150,03/05/2017,7,0.051005790593378376
522,FMT_POS_0100,03/05/2017,7,0.05069749103319741
200,FMT_POS_1570,03/05/2017,7,0.05292933854785494
368,FMT_POS_0090,03/05/2017,7,0.0601298076305704
659,FMT_POS_0340,03/06/2017,1,0.05354641608616517
238,FMT_POS_7210,03/06/2017,1,0.07255629071071117
38,FMT_PA_0852,03/06/2017,1,0.055278596066819605
332,FMT_POS_7220,03/06/2017,1,0.05338234716259519
273,FMT_POS_0270,03/06/2017,1,0.05699035540380581
268,FMT_POS_0110,03/06/2017,1,0.06077153639224578
683,FMT_POS_0060,03/06/2017,1,0.05181247056744129
167,FMT_PA_0930,03/06/2017,1,0.058285521362862726
652,FMT_POS_7230,03/07/2017,2,0.05383901939208845
253,FMT_PA_0790,03/07/2017,2,0.05438990165140248
761,FMT_POS_1670,03/07/2017,2,0.05494019797192505
466,FMT_PA_0854,03/07/2017,2,0.052693782679696835
103,FMT_PA_0855,03/07/2017,2,0.057415846237436514
292,FMT_PA_0851,03/07/2017,2,0.050670639867961484
369,FMT_POS_0090,03/07/2017,2,0.057906951669215286
39,FMT_PA_0852,03/07/2017,2,0.05060972796266913
52,FMT_POS_0290,03/07/2017,2,0.05010992487202833
269,FMT_POS_0110,03/08/2017,3,0.051483866548714945
40,FMT_PA_0852,03/08/2017,3,0.05310189907835469
333,FMT_POS_7220,03/08/2017,3,0.05396525072408434
499,FMT_PA_0710,03/08/2017,3,0.05105843325639929
293,FMT_PA_0851,03/08/2017,3,0.05107316674059619
437,FMT_POS_0070,03/08/2017,3,0.0585348841823034
254,FMT_PA_0790,03/09/2017,4,0.05137809670986832
438,FMT_POS_0070,03/09/2017,4,0.052122174559211844
201,FMT_POS_1570,03/09/2017,4,0.05524413542316356
439,FMT_POS_0070,03/11/2017,6,0.05458630216504979
334,FMT_POS_7220,03/11/2017,6,0.05752068978883313
310,FMT_POS_0130,03/11/2017,6,0.056778940338214214
202,FMT_POS_1570,03/11/2017,6,0.05181909013945627
335,FMT_POS_7220,03/12/2017,7,0.05050314592918401
771,FMT_POS_0190,03/12/2017,7,0.05773418710918711
311,FMT_POS_0130,03/12/2017,7,0.05993323602124554
1335,FMT_UNB_0381,03/12/2017,7,0.05152116402116402
920,FMT_POS_190,03/12/2017,7,0.05918333201478156
557,FMT_POS_0320,03/18/2017,6,0.057146253306098786
405,FMT_PA_0850,03/18/2017,6,0.05482333384008127
440,FMT_POS_0070,03/18/2017,6,0.05543282383510086
117,FMT_POS_0150,03/18/2017,6,0.05081853704560603
336,FMT_POS_7220,03/18/2017,6,0.05735619574072651
41,FMT_PA_0852,03/18/2017,6,0.051756523735548246
406,FMT_PA_0850,03/19/2017,7,0.05196974319913431
558,FMT_POS_0320,03/19/2017,7,0.054479586639432115
441,FMT_POS_0070,03/19/2017,7,0.05543282383510086
337,FMT_POS_7220,03/19/2017,7,0.05020586734795354
762,FMT_POS_1670,03/20/2017,1,0.05221466936481985
312,FMT_POS_0130,03/22/2017,3,0.056022005302802415
294,FMT_PA_0851,03/22/2017,3,0.06398977959161788
203,FMT_POS_1570,03/22/2017,3,0.05317099963215722
338,FMT_POS_7220,03/22/2017,3,0.056183761043600865
1092,FMT_PA_0770,03/26/2017,7,0.14059408647760782
1093,FMT_PA_0770,03/27/2017,1,0.611755775297442
270,FMT_POS_0110,03/29/2017,3,0.05065752362502885
442,FMT_POS_0070,04/01/2017,6,0.06435616417288083
295,FMT_PA_0851,04/01/2017,6,0.05252343200119523
559,FMT_POS_0320,04/01/2017,6,0.06668893368969646
313,FMT_POS_0130,04/01/2017,6,0.058650767669014635
956,FMT_UNB_0670,04/01/2017,6,0.07825496725496725
1380,FMT_UNB_0441,04/01/2017,6,0.05055226722916063
1336,FMT_UNB_0381,04/01/2017,6,0.07690476190476189
378,FMT_POS_0310,04/01/2017,6,0.06726264810704172
204,FMT_POS_1570,04/01/2017,6,0.05851836801700686
407,FMT_PA_0850,04/01/2017,6,0.05769083204316404
500,FMT_PA_0710,04/01/2017,6,0.06030120832593124
118,FMT_POS_0150,04/01/2017,6,0.08771582466815733
523,FMT_POS_0100,04/01/2017,6,0.05586069545436446
239,FMT_POS_7210,04/01/2017,6,0.057359389764113616
255,FMT_PA_0790,04/01/2017,6,0.050873591523528175
6,FMT_PA_0780,04/02/2017,7,0.056470019500926075
1381,FMT_UNB_0441,04/02/2017,7,0.05055226722916063
53,FMT_POS_0290,04/02/2017,7,0.05445573459891224
168,FMT_PA_0930,04/02/2017,7,0.050644734344391096
443,FMT_POS_0070,04/02/2017,7,0.07372469419358474
1337,FMT_UNB_0381,04/02/2017,7,0.07690476190476189
957,FMT_UNB_0670,04/02/2017,7,0.07825496725496725
524,FMT_POS_0100,04/02/2017,7,0.05867298120782669
684,FMT_POS_0060,04/02/2017,7,0.05071920492832096
119,FMT_POS_0150,04/02/2017,7,0.061592257072133234
1194,FMT_UNB_0090,04/03/2017,1,0.13033651533651533
1382,FMT_UNB_0441,04/03/2017,1,0.0964045214045214
1213,FMT_UNB_0361,04/03/2017,1,0.09617724867724868
1124,FMT_UNB_0091,04/03/2017,1,0.14068563789152025
1338,FMT_UNB_0381,04/03/2017,1,0.11333333333333333
943,FMT_UNB_0370,04/03/2017,1,0.07871150091738327
949,FMT_UNB_0372,04/03/2017,1,0.07784225034225035
958,FMT_UNB_0670,04/03/2017,1,0.11246864246864247
1214,FMT_UNB_0361,04/04/2017,2,0.08359211950516297
959,FMT_UNB_0670,04/04/2017,2,0.055061235061235066
1383,FMT_UNB_0441,04/04/2017,2,0.0785457396546106
339,FMT_POS_7220,04/06/2017,4,0.05026236294652194
169,FMT_PA_0930,04/07/2017,5,0.05219713800149346
660,FMT_POS_0340,04/07/2017,5,0.05717254209995552
44,FMT_POS_0360,04/07/2017,5,0.053667955944580785
1376,FMT_UNB_0650,04/07/2017,5,0.05641667145042431
296,FMT_PA_0851,04/07/2017,5,0.057731099430331806
674,FMT_PA_0750,04/08/2017,6,0.05084161239432393
7,FMT_PA_0780,04/08/2017,6,0.05377224280335148
104,FMT_PA_0855,04/08/2017,6,0.05154774412383108
78,FMT_POS_0180,04/08/2017,6,0.06512592321162484
617,FMT_POS_0080,04/08/2017,6,0.060164393479115376
618,FMT_POS_0080,04/09/2017,7,0.05640617609657858
120,FMT_POS_0150,04/09/2017,7,0.054700356498602117
170,FMT_PA_0930,04/09/2017,7,0.0522056619946483
560,FMT_POS_0320,04/09/2017,7,0.05346763662320938
314,FMT_POS_0130,04/09/2017,7,0.05670018523007741
79,FMT_POS_0180,04/09/2017,7,0.05863105431306282
675,FMT_PA_0750,04/09/2017,7,0.05026441181712335
54,FMT_POS_0290,04/10/2017,1,0.05264619385126686
271,FMT_POS_0110,04/11/2017,2,0.05532675641542144
340,FMT_POS_7220,04/11/2017,2,0.05161259671772836
501,FMT_PA_0710,04/11/2017,2,0.05063978590653335
525,FMT_POS_0100,04/11/2017,2,0.056762600224549924
772,FMT_POS_0190,04/11/2017,2,0.05876780619683433
561,FMT_POS_0320,04/11/2017,2,0.0505270424109944
661,FMT_POS_0340,04/11/2017,2,0.059265773102340116
274,FMT_POS_0270,04/11/2017,2,0.05055600058867592
921,FMT_POS_190,04/12/2017,3,0.12013708513708514
1522,FMT_PA_0920,04/12/2017,3,0.1813363488363489
1339,FMT_UNB_0381,04/12/2017,3,0.130506253006253
773,FMT_POS_0190,04/12/2017,3,0.16732263107263104
1384,FMT_UNB_0441,04/12/2017,3,0.1551479076479076
1200,FMT_UNB_0310,04/12/2017,3,0.1818121693121693
934,report001,04/12/2017,3,0.1460789210789211
256,FMT_PA_0790,04/14/2017,5,0.06353402692707306
55,FMT_POS_0290,04/14/2017,5,0.0524120645360952
526,FMT_POS_0100,04/14/2017,5,0.06558244247537758
922,FMT_POS_190,04/14/2017,5,0.053977738810927774
205,FMT_POS_1570,04/14/2017,5,0.05552136232614009
467,FMT_PA_0854,04/14/2017,5,0.05222044225059652
562,FMT_POS_0320,04/15/2017,6,0.05090704175998293
468,FMT_PA_0854,04/15/2017,6,0.05634743405375604
408,FMT_PA_0850,04/15/2017,6,0.05605003363665891
527,FMT_POS_0100,04/15/2017,6,0.06873627739831585
619,FMT_POS_0080,04/15/2017,6,0.05090901825623861
206,FMT_POS_1570,04/15/2017,6,0.05162077901251329
685,FMT_POS_0060,04/15/2017,6,0.05971561210032285
620,FMT_POS_0080,04/16/2017,7,0.05032262752278905
528,FMT_POS_0100,04/16/2017,7,0.058862540024578476
121,FMT_POS_0150,04/16/2017,7,0.05042156324478979
469,FMT_PA_0854,04/16/2017,7,0.051671316388363565
686,FMT_POS_0060,04/16/2017,7,0.05468193851621975
563,FMT_POS_0320,04/16/2017,7,0.05272076725017902
774,FMT_POS_0190,04/17/2017,1,0.05267503456470094
165,FMT_POS_0470,04/17/2017,1,0.0510799600077697
470,FMT_PA_0854,04/19/2017,3,0.055925625645404445
379,FMT_POS_0310,04/19/2017,3,0.06442837220194976
763,FMT_POS_1670,04/19/2017,3,0.06786157277547437
1426,FMT_POS_7160,04/19/2017,3,0.05481631103983009
341,FMT_POS_7220,04/19/2017,3,0.05531349606854264
207,FMT_POS_1570,04/19/2017,3,0.05085371487152005
564,FMT_POS_0320,04/19/2017,3,0.0590126644691862
621,FMT_POS_0080,04/20/2017,4,0.050403424803192994
960,FMT_UNB_0670,04/21/2017,5,0.15154993154993154
1581,LS_SC_0240,04/21/2017,5,0.11665519665519668
1434,FMT_UNB_0660,04/21/2017,5,0.10362979612979613
775,FMT_POS_0190,04/21/2017,5,0.11496392496392495
1125,FMT_UNB_0091,04/21/2017,5,0.11946886446886447
1536,FMT_UNB_0782,04/21/2017,5,0.093519721019721
1215,FMT_UNB_0361,04/21/2017,5,0.13976759351759352
687,FMT_POS_0060,04/21/2017,5,0.10144781144781145
1435,FMT_UNB_0660,04/22/2017,6,0.09133511013945797
1216,FMT_UNB_0361,04/22/2017,6,0.13976759351759352
961,FMT_UNB_0670,04/22/2017,6,0.12568636982430084
1582,LS_SC_0240,04/22/2017,6,0.09998852998853
688,FMT_POS_0060,04/22/2017,6,0.10013052728422746
776,FMT_POS_0190,04/22/2017,6,0.11262411662411662
1537,FMT_UNB_0782,04/22/2017,6,0.07963083213083212
1126,FMT_UNB_0091,04/22/2017,6,0.09812169312169312
1436,FMT_UNB_0660,04/23/2017,7,0.07622441673929088
1217,FMT_UNB_0361,04/23/2017,7,0.1375331612831613
1583,LS_SC_0240,04/23/2017,7,0.09998852998853
1538,FMT_UNB_0782,04/23/2017,7,0.07407527657527657
689,FMT_POS_0060,04/23/2017,7,0.09445370762006602
777,FMT_POS_0190,04/23/2017,7,0.1031003071003071
1127,FMT_UNB_0091,04/23/2017,7,0.0842143352841021
962,FMT_UNB_0670,04/23/2017,7,0.1264489960869271
1437,FMT_UNB_0660,04/24/2017,1,0.052735173576343136
778,FMT_POS_0190,04/24/2017,1,0.07385442297041989
1218,FMT_UNB_0361,04/24/2017,1,0.07496823831231425
1584,LS_SC_0240,04/24/2017,1,0.08633773633773635
1094,FMT_PA_0770,04/24/2017,1,0.3896208490177789
963,FMT_UNB_0670,04/24/2017,1,0.10227677066483727
1438,FMT_UNB_0660,04/25/2017,2,0.05643887728004684
1219,FMT_UNB_0361,04/25/2017,2,0.07496823831231425
964,FMT_UNB_0670,04/25/2017,2,0.10227677066483727
1585,LS_SC_0240,04/25/2017,2,0.08633773633773635
779,FMT_POS_0190,04/25/2017,2,0.07943948217773764
780,FMT_POS_0190,04/26/2017,3,0.08558181368748664
965,FMT_UNB_0670,04/26/2017,3,0.10955514800480473
1586,LS_SC_0240,04/26/2017,3,0.08633773633773635
1220,FMT_UNB_0361,04/26/2017,3,0.0969259102699862
1439,FMT_UNB_0660,04/26/2017,3,0.05436956186956187
1095,FMT_PA_0770,04/26/2017,3,0.10243999225706542
781,FMT_POS_0190,04/27/2017,4,0.08629881878268973
1440,FMT_UNB_0660,04/27/2017,4,0.05346866096866097
1128,FMT_UNB_0091,04/27/2017,4,0.06124338624338624
1221,FMT_UNB_0361,04/27/2017,4,0.08406052281052281
1096,FMT_PA_0770,04/27/2017,4,0.100374531835206
966,FMT_UNB_0670,04/27/2017,4,0.11248134367293589
1587,LS_SC_0240,04/27/2017,4,0.08633773633773635
1441,FMT_UNB_0660,04/28/2017,5,0.07720122470122469
1222,FMT_UNB_0361,04/28/2017,5,0.1364342601842602
690,FMT_POS_0060,04/28/2017,5,0.05372245268585628
1129,FMT_UNB_0091,04/28/2017,5,0.09661375661375661
1539,FMT_UNB_0782,04/28/2017,5,0.08796416546416545
782,FMT_POS_0190,04/28/2017,5,0.1034336952351658
967,FMT_UNB_0670,04/28/2017,5,0.14155974518262654
1588,LS_SC_0240,04/28/2017,5,0.09998852998853
1540,FMT_UNB_0782,04/29/2017,6,0.07407527657527657
691,FMT_POS_0060,04/29/2017,6,0.0638530957166361
565,FMT_POS_0320,04/29/2017,6,0.05323069361107303
1589,LS_SC_0240,04/29/2017,6,0.09998852998853
1223,FMT_UNB_0361,04/29/2017,6,0.1364342601842602
1442,FMT_UNB_0660,04/29/2017,6,0.07275678025678026
1130,FMT_UNB_0091,04/29/2017,6,0.08328595478595478
968,FMT_UNB_0670,04/29/2017,6,0.11645152007440143
783,FMT_POS_0190,04/29/2017,6,0.10109388689535746
784,FMT_POS_0190,04/30/2017,7,0.09564613393147546
1590,LS_SC_0240,04/30/2017,7,0.09998852998853
969,FMT_UNB_0670,04/30/2017,7,0.11371443371443372
1443,FMT_UNB_0660,04/30/2017,7,0.07275678025678026
1541,FMT_UNB_0782,04/30/2017,7,0.07407527657527657
1131,FMT_UNB_0091,04/30/2017,7,0.07656084656084655
692,FMT_POS_0060,04/30/2017,7,0.056825086112932646
1224,FMT_UNB_0361,04/30/2017,7,0.1364342601842602
950,FMT_UNB_0372,05/01/2017,1,0.07784225034225035
944,FMT_UNB_0370,05/01/2017,1,0.07265089485677721
1385,FMT_UNB_0441,05/01/2017,1,0.0964045214045214
1340,FMT_UNB_0381,05/01/2017,1,0.105
122,FMT_POS_0150,05/01/2017,1,0.0678234079078355
970,FMT_UNB_0670,05/01/2017,1,0.11246864246864247
1132,FMT_UNB_0091,05/01/2017,1,0.14068563789152025
1195,FMT_UNB_0090,05/01/2017,1,0.13033651533651533
380,FMT_POS_0310,05/01/2017,1,0.055121778805989334
1225,FMT_UNB_0361,05/01/2017,1,0.09141534391534392
1226,FMT_UNB_0361,05/02/2017,2,0.08472100672100671
1133,FMT_UNB_0091,05/02/2017,2,0.05922580143168379
1386,FMT_UNB_0441,05/02/2017,2,0.08552265163152259
951,FMT_UNB_0372,05/02/2017,2,0.06731194731194731
971,FMT_UNB_0670,05/02/2017,2,0.08580197580197581
1341,FMT_UNB_0381,05/02/2017,2,0.08023809523809523
1387,FMT_UNB_0441,05/03/2017,3,0.057620703057329484
972,FMT_UNB_0670,05/03/2017,3,0.06802419802419803
1227,FMT_UNB_0361,05/03/2017,3,0.05355751892445441
1342,FMT_UNB_0381,05/03/2017,3,0.08523809523809524
1228,FMT_UNB_0361,05/04/2017,4,0.0595640621692546
1430,FMT_UNB_0120,05/05/2017,5,0.051492839981303
105,FMT_PA_0855,05/06/2017,6,0.058369684170256314
171,FMT_PA_0930,05/06/2017,6,0.05832014632613781
764,FMT_POS_1670,05/06/2017,6,0.05631180753843213
566,FMT_POS_0320,05/06/2017,6,0.05130316755281169
409,FMT_PA_0850,05/06/2017,6,0.05487466131784857
80,FMT_POS_0180,05/06/2017,6,0.05287434319477881
8,FMT_PA_0780,05/06/2017,6,0.056600530164573566
123,FMT_POS_0150,05/06/2017,6,0.053005001797696294
81,FMT_POS_0180,05/07/2017,7,0.056530794655969975
106,FMT_PA_0855,05/07/2017,7,0.05432517337751331
172,FMT_PA_0930,05/07/2017,7,0.05961371050414134
676,FMT_PA_0750,05/07/2017,7,0.05061766042037196
567,FMT_POS_0320,05/07/2017,7,0.05356891256049217
1377,FMT_UNB_0650,05/07/2017,7,0.05385256888632174
9,FMT_PA_0780,05/07/2017,7,0.05211871572509322
622,FMT_POS_0080,05/07/2017,7,0.06531351093580195
785,FMT_POS_0190,05/10/2017,3,0.05446291885390351
935,report001,05/10/2017,3,0.08637832973127092
936,report001,05/11/2017,4,0.05742570759411367
786,FMT_POS_0190,05/11/2017,4,0.0718839816595193
1388,FMT_UNB_0441,05/12/2017,5,0.10153920153920154
787,FMT_POS_0190,05/12/2017,5,0.10760634243317901
923,FMT_POS_190,05/12/2017,5,0.08921517433789525
1201,FMT_UNB_0310,05/12/2017,5,0.15493238639071974
1523,FMT_PA_0920,05/12/2017,5,0.10083333333333333
1343,FMT_UNB_0381,05/12/2017,5,0.08235810485810485
315,FMT_POS_0130,05/13/2017,6,0.05971928060979588
693,FMT_POS_0060,05/13/2017,6,0.05576210837170667
124,FMT_POS_0150,05/13/2017,6,0.05364423344686502
788,FMT_POS_0190,05/13/2017,6,0.051959962280302106
623,FMT_POS_0080,05/13/2017,6,0.05731025791834783
471,FMT_PA_0854,05/13/2017,6,0.0510317050167706
125,FMT_POS_0150,05/14/2017,7,0.0536295832949151
410,FMT_PA_0850,05/14/2017,7,0.05076667163323588
568,FMT_POS_0320,05/14/2017,7,0.05090704175998293
624,FMT_POS_0080,05/14/2017,7,0.06202626386623784
529,FMT_POS_0100,05/14/2017,7,0.06772617638821485
472,FMT_PA_0854,05/14/2017,7,0.05634743405375604
694,FMT_POS_0060,05/14/2017,7,0.059580476965187715
789,FMT_POS_0190,05/15/2017,1,0.05095433899781176
653,FMT_POS_7230,05/15/2017,1,0.05138169191465124
790,FMT_POS_0190,05/16/2017,2,0.060552812261746934
791,FMT_POS_0190,05/17/2017,3,0.057701890827141514
1542,FMT_UNB_0782,05/19/2017,5,0.05707671957671958
695,FMT_POS_0060,05/19/2017,5,0.05060793373293373
792,FMT_POS_0190,05/20/2017,6,0.06036238910432458
569,FMT_POS_0320,05/20/2017,6,0.059746593495232335
696,FMT_POS_0060,05/20/2017,6,0.08742786661961029
793,FMT_POS_0190,05/21/2017,7,0.11262411662411662
1229,FMT_UNB_0361,05/21/2017,7,0.13976759351759352
697,FMT_POS_0060,05/21/2017,7,0.1085624657161659
1134,FMT_UNB_0091,05/21/2017,7,0.10367724867724867
973,FMT_UNB_0670,05/21/2017,7,0.13120361120361118
1591,LS_SC_0240,05/21/2017,7,0.11665519665519668
1543,FMT_UNB_0782,05/21/2017,7,0.07963083213083212
1444,FMT_UNB_0660,05/21/2017,7,0.09918535168535168
342,FMT_POS_7220,05/22/2017,1,0.06341945733576564
1097,FMT_PA_0770,05/22/2017,1,0.1380125574555399
974,FMT_UNB_0670,05/22/2017,1,0.10267866191779235
1592,LS_SC_0240,05/22/2017,1,0.08633773633773635
794,FMT_POS_0190,05/22/2017,1,0.07385442297041989
1230,FMT_UNB_0361,05/22/2017,1,0.07461362838323624
795,FMT_POS_0190,05/23/2017,2,0.0861649782143792
975,FMT_UNB_0670,05/23/2017,2,0.10750189424102466
1445,FMT_UNB_0660,05/23/2017,2,0.05346866096866097
698,FMT_POS_0060,05/23/2017,2,0.053790624820036596
1593,LS_SC_0240,05/23/2017,2,0.08633773633773635
1231,FMT_UNB_0361,05/23/2017,2,0.07461362838323624
1232,FMT_UNB_0361,05/24/2017,3,0.0969259102699862
1446,FMT_UNB_0660,05/24/2017,3,0.05643887728004684
796,FMT_POS_0190,05/24/2017,3,0.08911780884780122
1594,LS_SC_0240,05/24/2017,3,0.08633773633773635
976,FMT_UNB_0670,05/24/2017,3,0.10850998189804849
1233,FMT_UNB_0361,05/25/2017,4,0.08441513273960081
1135,FMT_UNB_0091,05/25/2017,4,0.06344811217151641
797,FMT_POS_0190,05/25/2017,4,0.08629881878268973
977,FMT_UNB_0670,05/25/2017,4,0.11459551822552029
1595,LS_SC_0240,05/25/2017,4,0.08633773633773635
1447,FMT_UNB_0660,05/25/2017,4,0.05643887728004684
1136,FMT_UNB_0091,05/26/2017,5,0.10258697282132036
1544,FMT_UNB_0782,05/26/2017,5,0.08796416546416545
1098,FMT_PA_0770,05/26/2017,5,0.10500070978834074
978,FMT_UNB_0670,05/26/2017,5,0.14317668852297413
1448,FMT_UNB_0660,05/26/2017,5,0.08156976208463623
1596,LS_SC_0240,05/26/2017,5,0.09998852998853
798,FMT_POS_0190,05/26/2017,5,0.10544011544011543
1234,FMT_UNB_0361,05/26/2017,5,0.1378877712122393
699,FMT_POS_0060,05/26/2017,5,0.05929737215065745
700,FMT_POS_0060,05/27/2017,6,0.072793047505688
1099,FMT_PA_0770,05/27/2017,6,0.1016286617821464
1235,FMT_UNB_0361,05/27/2017,6,0.1375331612831613
1137,FMT_UNB_0091,05/27/2017,6,0.08588100195076878
1597,LS_SC_0240,05/27/2017,6,0.09998852998853
799,FMT_POS_0190,05/27/2017,6,0.1031003071003071
979,FMT_UNB_0670,05/27/2017,6,0.12316614351242913
1449,FMT_UNB_0660,05/27/2017,6,0.07622441673929088
1545,FMT_UNB_0782,05/27/2017,6,0.07407527657527657
1138,FMT_UNB_0091,05/28/2017,7,0.08298941798941797
701,FMT_POS_0060,05/28/2017,7,0.06731074917428956
1236,FMT_UNB_0361,05/28/2017,7,0.1364342601842602
1450,FMT_UNB_0660,05/28/2017,7,0.07275678025678026
1598,LS_SC_0240,05/28/2017,7,0.09998852998853
980,FMT_UNB_0670,05/28/2017,7,0.12121342483630619
800,FMT_POS_0190,05/28/2017,7,0.10109388689535746
570,FMT_POS_0320,05/28/2017,7,0.051880127001547996
1546,FMT_UNB_0782,05/28/2017,7,0.07407527657527657
1599,LS_SC_0240,05/29/2017,1,0.08633773633773635
1237,FMT_UNB_0361,05/29/2017,1,0.07461362838323624
981,FMT_UNB_0670,05/29/2017,1,0.10764070470592209
801,FMT_POS_0190,05/29/2017,1,0.06737729116529984
1139,FMT_UNB_0091,05/29/2017,1,0.05022632922632922
1100,FMT_PA_0770,05/29/2017,1,0.40995397349564017
982,FMT_UNB_0670,05/30/2017,2,0.10764070470592209
1451,FMT_UNB_0660,05/30/2017,2,0.05346866096866097
802,FMT_POS_0190,05/30/2017,2,0.07013664153684683
1238,FMT_UNB_0361,05/30/2017,2,0.07461362838323624
571,FMT_POS_0320,05/30/2017,2,0.05047349036060744
1600,LS_SC_0240,05/30/2017,2,0.08633773633773635
1601,LS_SC_0240,05/31/2017,3,0.08633773633773635
983,FMT_UNB_0670,05/31/2017,3,0.11097403803925543
1239,FMT_UNB_0361,05/31/2017,3,0.09657130034090819
803,FMT_POS_0190,05/31/2017,3,0.06774723486162691
572,FMT_POS_0320,05/31/2017,3,0.05127817481847046
625,FMT_POS_0080,05/31/2017,3,0.055168382202123376
1452,FMT_UNB_0660,05/31/2017,3,0.05346866096866097
654,FMT_POS_7230,06/01/2017,4,0.060042745567777556
126,FMT_POS_0150,06/01/2017,4,0.08601179714941216
1389,FMT_UNB_0441,06/01/2017,4,0.05055226722916063
343,FMT_POS_7220,06/01/2017,4,0.05015569164728829
1240,FMT_UNB_0361,06/01/2017,4,0.06057367755386998
257,FMT_PA_0790,06/01/2017,4,0.05530373176476285
381,FMT_POS_0310,06/01/2017,4,0.06869361671989886
240,FMT_POS_7210,06/01/2017,4,0.06425234433592444
502,FMT_PA_0710,06/01/2017,4,0.0648184434211266
411,FMT_PA_0850,06/01/2017,4,0.05271895167927825
1344,FMT_UNB_0381,06/01/2017,4,0.07690476190476189
208,FMT_POS_1570,06/01/2017,4,0.053770096687779816
984,FMT_UNB_0670,06/01/2017,4,0.06802419802419803
56,FMT_POS_0290,06/02/2017,5,0.057365294396873975
1345,FMT_UNB_0381,06/02/2017,5,0.07690476190476189
444,FMT_POS_0070,06/02/2017,5,0.057708721678375006
297,FMT_PA_0851,06/02/2017,5,0.050977377709900656
258,FMT_PA_0790,06/02/2017,5,0.05586019185894172
985,FMT_UNB_0670,06/02/2017,5,0.08418382100990796
1390,FMT_UNB_0441,06/02/2017,5,0.05055226722916063
1391,FMT_UNB_0441,06/03/2017,6,0.05055226722916063
986,FMT_UNB_0670,06/03/2017,6,0.07825496725496725
473,FMT_PA_0854,06/03/2017,6,0.053071039801378186
1346,FMT_UNB_0381,06/03/2017,6,0.07690476190476189
10,FMT_PA_0780,06/03/2017,6,0.05083221713568097
1241,FMT_UNB_0361,06/04/2017,7,0.05014691301016995
173,FMT_PA_0930,06/04/2017,7,0.05898176067694534
127,FMT_POS_0150,06/04/2017,7,0.05451746782629135
987,FMT_UNB_0670,06/04/2017,7,0.05862533762533763
1242,FMT_UNB_0361,06/05/2017,1,0.06334066084684158
1392,FMT_UNB_0441,06/05/2017,1,0.0697252284752285
1243,FMT_UNB_0361,06/06/2017,2,0.056617091446801604
82,FMT_POS_0180,06/06/2017,2,0.055362743288402065
316,FMT_POS_0130,06/10/2017,6,0.05797500770610268
573,FMT_POS_0320,06/10/2017,6,0.05194046009603284
83,FMT_POS_0180,06/10/2017,6,0.0601086851718189
626,FMT_POS_0080,06/10/2017,6,0.055659623144143265
128,FMT_POS_0150,06/10/2017,6,0.05518112572937135
804,FMT_POS_0190,06/11/2017,7,0.06705340121980989
627,FMT_POS_0080,06/11/2017,7,0.054331120728684325
344,FMT_POS_7220,06/11/2017,7,0.054706101129585065
702,FMT_POS_0060,06/11/2017,7,0.051895305583851255
574,FMT_POS_0320,06/11/2017,7,0.05194046009603284
57,FMT_POS_0290,06/11/2017,7,0.05014028324772401
275,FMT_POS_0270,06/11/2017,7,0.053904166868027605
84,FMT_POS_0180,06/11/2017,7,0.06256426919112121
317,FMT_POS_0130,06/11/2017,7,0.05201164129296117
662,FMT_POS_0340,06/12/2017,1,0.05538777542748037
1393,FMT_UNB_0441,06/12/2017,1,0.1144071669071669
1202,FMT_UNB_0310,06/12/2017,1,0.16292328042328041
805,FMT_POS_0190,06/12/2017,1,0.09242960197108177
1524,FMT_PA_0920,06/12/2017,1,0.1373789173789174
937,report001,06/12/2017,1,0.05850868431864223
1347,FMT_UNB_0381,06/12/2017,1,0.05861111111111112
924,FMT_POS_190,06/12/2017,1,0.05185461053108111
1203,FMT_UNB_0310,06/13/2017,2,0.05894189694370644
806,FMT_POS_0190,06/13/2017,2,0.06866572728514812
1525,FMT_PA_0920,06/13/2017,2,0.05573962472336456
925,FMT_POS_190,06/14/2017,3,0.0504414256277584
1526,FMT_PA_0920,06/14/2017,3,0.07494745994745994
807,FMT_POS_0190,06/14/2017,3,0.07532789736474621
474,FMT_PA_0854,06/15/2017,4,0.05625792094141789
530,FMT_POS_0100,06/16/2017,5,0.05029069880644093
808,FMT_POS_0190,06/17/2017,6,0.054800546657029194
129,FMT_POS_0150,06/17/2017,6,0.05552981530550365
703,FMT_POS_0060,06/17/2017,6,0.05013691556859732
575,FMT_POS_0320,06/17/2017,6,0.06414608267549443
412,FMT_PA_0850,06/17/2017,6,0.05111957168653087
130,FMT_POS_0150,06/18/2017,7,0.055858762673924714
704,FMT_POS_0060,06/18/2017,7,0.06093010512184879
809,FMT_POS_0190,06/18/2017,7,0.05721243202304894
576,FMT_POS_0320,06/18/2017,7,0.06455787995687376
413,FMT_PA_0850,06/18/2017,7,0.05018035660938475
345,FMT_POS_7220,06/19/2017,1,0.05738360415172627
577,FMT_POS_0320,06/19/2017,1,0.05333076481788246
765,FMT_POS_1670,06/19/2017,1,0.06275228920623242
1453,FMT_UNB_0660,06/21/2017,3,0.061801994301994304
1602,LS_SC_0240,06/21/2017,3,0.09467106967106968
810,FMT_POS_0190,06/21/2017,3,0.09117546014320206
1244,FMT_UNB_0361,06/21/2017,3,0.09657130034090819
988,FMT_UNB_0670,06/21/2017,3,0.11267866191779234
811,FMT_POS_0190,06/22/2017,4,0.08629881878268973
1603,LS_SC_0240,06/22/2017,4,0.08633773633773635
1454,FMT_UNB_0660,06/22/2017,4,0.05346866096866097
989,FMT_UNB_0670,06/22/2017,4,0.11759816121715815
705,FMT_POS_0060,06/22/2017,4,0.05132645868426638
1245,FMT_UNB_0361,06/22/2017,4,0.08406052281052281
1140,FMT_UNB_0091,06/22/2017,4,0.058253968253968245
1141,FMT_UNB_0091,06/23/2017,5,0.09822616223710554
1246,FMT_UNB_0361,06/23/2017,5,0.1375331612831613
1547,FMT_UNB_0782,06/23/2017,5,0.08796416546416545
706,FMT_POS_0060,06/23/2017,5,0.07820284072712687
1604,LS_SC_0240,06/23/2017,5,0.09998852998853
812,FMT_POS_0190,06/23/2017,5,0.10544011544011543
990,FMT_UNB_0670,06/23/2017,5,0.14679531643324745
1455,FMT_UNB_0660,06/23/2017,5,0.08066886118373533
1456,FMT_UNB_0660,06/24/2017,6,0.07919463305067675
1142,FMT_UNB_0091,06/24/2017,6,0.08901165380482487
707,FMT_POS_0060,06/24/2017,6,0.0710836457962863
813,FMT_POS_0190,06/24/2017,6,0.1031003071003071
1548,FMT_UNB_0782,06/24/2017,6,0.07407527657527657
1247,FMT_UNB_0361,06/24/2017,6,0.1378877712122393
1605,LS_SC_0240,06/24/2017,6,0.09998852998853
991,FMT_UNB_0670,06/24/2017,6,0.12353958803480983
992,FMT_UNB_0670,06/25/2017,7,0.12353958803480983
708,FMT_POS_0060,06/25/2017,7,0.0710836457962863
1248,FMT_UNB_0361,06/25/2017,7,0.1378877712122393
814,FMT_POS_0190,06/25/2017,7,0.1031003071003071
1606,LS_SC_0240,06/25/2017,7,0.09998852998853
1143,FMT_UNB_0091,06/25/2017,7,0.08901165380482487
1457,FMT_UNB_0660,06/25/2017,7,0.07919463305067675
1549,FMT_UNB_0782,06/25/2017,7,0.07407527657527657
1607,LS_SC_0240,06/26/2017,1,0.08633773633773635
993,FMT_UNB_0670,06/26/2017,1,0.10156755080668124
1101,FMT_PA_0770,06/26/2017,1,0.510747624289291
1458,FMT_UNB_0660,06/26/2017,1,0.05066585816585816
815,FMT_POS_0190,06/26/2017,1,0.06907936927895753
1249,FMT_UNB_0361,06/26/2017,1,0.07496823831231425
816,FMT_POS_0190,06/27/2017,2,0.07943948217773764
1608,LS_SC_0240,06/27/2017,2,0.08633773633773635
994,FMT_UNB_0670,06/27/2017,2,0.10156755080668124
1102,FMT_PA_0770,06/27/2017,2,0.1
1250,FMT_UNB_0361,06/27/2017,2,0.07461362838323624
1459,FMT_UNB_0660,06/27/2017,2,0.05346866096866097
817,FMT_POS_0190,06/28/2017,3,0.08144064068424468
1460,FMT_UNB_0660,06/28/2017,3,0.05346866096866097
1609,LS_SC_0240,06/28/2017,3,0.08633773633773635
1251,FMT_UNB_0361,06/28/2017,3,0.09657130034090819
995,FMT_UNB_0670,06/28/2017,3,0.10989092334058007
578,FMT_POS_0320,06/28/2017,3,0.05354739385367415
1252,FMT_UNB_0361,06/29/2017,4,0.08406052281052281
1610,LS_SC_0240,06/29/2017,4,0.08633773633773635
1461,FMT_UNB_0660,06/29/2017,4,0.05346866096866097
996,FMT_UNB_0670,06/29/2017,4,0.11140607485573158
1144,FMT_UNB_0091,06/29/2017,4,0.06114309764309764
818,FMT_POS_0190,06/29/2017,4,0.08251835562722658
1145,FMT_UNB_0091,06/30/2017,5,0.08978835978835979
1462,FMT_UNB_0660,06/30/2017,5,0.07720122470122469
1253,FMT_UNB_0361,06/30/2017,5,0.1364342601842602
819,FMT_POS_0190,06/30/2017,5,0.09798594227128381
1611,LS_SC_0240,06/30/2017,5,0.09998852998853
1550,FMT_UNB_0782,06/30/2017,5,0.08796416546416545
997,FMT_UNB_0670,06/30/2017,5,0.13406075406075407
414,FMT_PA_0850,07/01/2017,6,0.05769083204316404
131,FMT_POS_0150,07/01/2017,6,0.08771582466815733
503,FMT_PA_0710,07/01/2017,6,0.06030120832593124
1394,FMT_UNB_0441,07/01/2017,6,0.05055226722916063
531,FMT_POS_0100,07/01/2017,6,0.05586069545436446
445,FMT_POS_0070,07/01/2017,6,0.06435616417288083
579,FMT_POS_0320,07/01/2017,6,0.06668893368969646
382,FMT_POS_0310,07/01/2017,6,0.06726264810704172
259,FMT_PA_0790,07/01/2017,6,0.050873591523528175
298,FMT_PA_0851,07/01/2017,6,0.05252343200119523
209,FMT_POS_1570,07/01/2017,6,0.05851836801700686
1348,FMT_UNB_0381,07/01/2017,6,0.07690476190476189
241,FMT_POS_7210,07/01/2017,6,0.057359389764113616
318,FMT_POS_0130,07/01/2017,6,0.058650767669014635
998,FMT_UNB_0670,07/01/2017,6,0.07825496725496725
58,FMT_POS_0290,07/02/2017,7,0.05445573459891224
446,FMT_POS_0070,07/02/2017,7,0.07372469419358474
709,FMT_POS_0060,07/02/2017,7,0.05071920492832096
1395,FMT_UNB_0441,07/02/2017,7,0.05055226722916063
132,FMT_POS_0150,07/02/2017,7,0.061592257072133234
174,FMT_PA_0930,07/02/2017,7,0.050644734344391096
999,FMT_UNB_0670,07/02/2017,7,0.07825496725496725
11,FMT_PA_0780,07/02/2017,7,0.056470019500926075
532,FMT_POS_0100,07/02/2017,7,0.05867298120782669
1349,FMT_UNB_0381,07/02/2017,7,0.07690476190476189
1000,FMT_UNB_0670,07/03/2017,1,0.11246864246864247
945,FMT_UNB_0370,07/03/2017,1,0.07871150091738327
952,FMT_UNB_0372,07/03/2017,1,0.07784225034225035
1396,FMT_UNB_0441,07/03/2017,1,0.0964045214045214
1146,FMT_UNB_0091,07/03/2017,1,0.14068563789152025
1254,FMT_UNB_0361,07/03/2017,1,0.09617724867724868
1350,FMT_UNB_0381,07/03/2017,1,0.11333333333333333
1196,FMT_UNB_0090,07/03/2017,1,0.13033651533651533
1397,FMT_UNB_0441,07/04/2017,2,0.0785457396546106
1255,FMT_UNB_0361,07/04/2017,2,0.08359211950516297
1001,FMT_UNB_0670,07/04/2017,2,0.055061235061235066
346,FMT_POS_7220,07/06/2017,4,0.05026236294652194
45,FMT_POS_0360,07/07/2017,5,0.053667955944580785
175,FMT_PA_0930,07/07/2017,5,0.05219713800149346
663,FMT_POS_0340,07/07/2017,5,0.05717254209995552
1378,FMT_UNB_0650,07/07/2017,5,0.05641667145042431
299,FMT_PA_0851,07/07/2017,5,0.057731099430331806
12,FMT_PA_0780,07/08/2017,6,0.05377224280335148
85,FMT_POS_0180,07/08/2017,6,0.06512592321162484
107,FMT_PA_0855,07/08/2017,6,0.05154774412383108
677,FMT_PA_0750,07/08/2017,6,0.05084161239432393
628,FMT_POS_0080,07/08/2017,6,0.060164393479115376
86,FMT_POS_0180,07/09/2017,7,0.05863105431306282
678,FMT_PA_0750,07/09/2017,7,0.05026441181712335
580,FMT_POS_0320,07/09/2017,7,0.05346763662320938
629,FMT_POS_0080,07/09/2017,7,0.05640617609657858
176,FMT_PA_0930,07/09/2017,7,0.0522056619946483
133,FMT_POS_0150,07/09/2017,7,0.054700356498602117
319,FMT_POS_0130,07/09/2017,7,0.05670018523007741
59,FMT_POS_0290,07/10/2017,1,0.05264619385126686
276,FMT_POS_0270,07/11/2017,2,0.05055600058867592
664,FMT_POS_0340,07/11/2017,2,0.059265773102340116
272,FMT_POS_0110,07/11/2017,2,0.05532675641542144
581,FMT_POS_0320,07/11/2017,2,0.0505270424109944
504,FMT_PA_0710,07/11/2017,2,0.05063978590653335
820,FMT_POS_0190,07/11/2017,2,0.05876780619683433
347,FMT_POS_7220,07/11/2017,2,0.05161259671772836
533,FMT_POS_0100,07/11/2017,2,0.056762600224549924
821,FMT_POS_0190,07/12/2017,3,0.16732263107263104
926,FMT_POS_190,07/12/2017,3,0.12013708513708514
938,report001,07/12/2017,3,0.1460789210789211
1398,FMT_UNB_0441,07/12/2017,3,0.1551479076479076
1527,FMT_PA_0920,07/12/2017,3,0.1813363488363489
1204,FMT_UNB_0310,07/12/2017,3,0.1818121693121693
1351,FMT_UNB_0381,07/12/2017,3,0.130506253006253
60,FMT_POS_0290,07/14/2017,5,0.0524120645360952
210,FMT_POS_1570,07/14/2017,5,0.05552136232614009
260,FMT_PA_0790,07/14/2017,5,0.06353402692707306
475,FMT_PA_0854,07/14/2017,5,0.05222044225059652
534,FMT_POS_0100,07/14/2017,5,0.06558244247537758
927,FMT_POS_190,07/14/2017,5,0.053977738810927774
630,FMT_POS_0080,07/15/2017,6,0.05090901825623861
710,FMT_POS_0060,07/15/2017,6,0.05971561210032285
582,FMT_POS_0320,07/15/2017,6,0.05090704175998293
415,FMT_PA_0850,07/15/2017,6,0.05605003363665891
476,FMT_PA_0854,07/15/2017,6,0.05634743405375604
535,FMT_POS_0100,07/15/2017,6,0.06873627739831585
211,FMT_POS_1570,07/15/2017,6,0.05162077901251329
631,FMT_POS_0080,07/16/2017,7,0.05032262752278905
583,FMT_POS_0320,07/16/2017,7,0.05272076725017902
711,FMT_POS_0060,07/16/2017,7,0.05468193851621975
134,FMT_POS_0150,07/16/2017,7,0.05042156324478979
536,FMT_POS_0100,07/16/2017,7,0.058862540024578476
477,FMT_PA_0854,07/16/2017,7,0.051671316388363565
166,FMT_POS_0470,07/17/2017,1,0.0510799600077697
822,FMT_POS_0190,07/17/2017,1,0.05267503456470094
383,FMT_POS_0310,07/19/2017,3,0.06442837220194976
766,FMT_POS_1670,07/19/2017,3,0.06786157277547437
212,FMT_POS_1570,07/19/2017,3,0.05085371487152005
1427,FMT_POS_7160,07/19/2017,3,0.05481631103983009
348,FMT_POS_7220,07/19/2017,3,0.05531349606854264
584,FMT_POS_0320,07/19/2017,3,0.0590126644691862
478,FMT_PA_0854,07/19/2017,3,0.055925625645404445
632,FMT_POS_0080,07/20/2017,4,0.050403424803192994
1463,FMT_UNB_0660,07/21/2017,5,0.10362979612979613
1147,FMT_UNB_0091,07/21/2017,5,0.11946886446886447
1256,FMT_UNB_0361,07/21/2017,5,0.13976759351759352
1002,FMT_UNB_0670,07/21/2017,5,0.15154993154993154
1551,FMT_UNB_0782,07/21/2017,5,0.093519721019721
712,FMT_POS_0060,07/21/2017,5,0.10144781144781145
1612,LS_SC_0240,07/21/2017,5,0.11665519665519668
823,FMT_POS_0190,07/21/2017,5,0.11496392496392495
1552,FMT_UNB_0782,07/22/2017,6,0.07963083213083212
824,FMT_POS_0190,07/22/2017,6,0.11262411662411662
1257,FMT_UNB_0361,07/22/2017,6,0.13976759351759352
713,FMT_POS_0060,07/22/2017,6,0.10013052728422746
1613,LS_SC_0240,07/22/2017,6,0.09998852998853
1003,FMT_UNB_0670,07/22/2017,6,0.12568636982430084
1148,FMT_UNB_0091,07/22/2017,6,0.09812169312169312
1464,FMT_UNB_0660,07/22/2017,6,0.09133511013945797
1465,FMT_UNB_0660,07/23/2017,7,0.07622441673929088
714,FMT_POS_0060,07/23/2017,7,0.09445370762006602
1004,FMT_UNB_0670,07/23/2017,7,0.1264489960869271
1614,LS_SC_0240,07/23/2017,7,0.09998852998853
1553,FMT_UNB_0782,07/23/2017,7,0.07407527657527657
825,FMT_POS_0190,07/23/2017,7,0.1031003071003071
1149,FMT_UNB_0091,07/23/2017,7,0.0842143352841021
1258,FMT_UNB_0361,07/23/2017,7,0.1375331612831613
1466,FMT_UNB_0660,07/24/2017,1,0.052735173576343136
1103,FMT_PA_0770,07/24/2017,1,0.3896208490177789
1259,FMT_UNB_0361,07/24/2017,1,0.07496823831231425
826,FMT_POS_0190,07/24/2017,1,0.07385442297041989
1615,LS_SC_0240,07/24/2017,1,0.08633773633773635
1005,FMT_UNB_0670,07/24/2017,1,0.10227677066483727
1616,LS_SC_0240,07/25/2017,2,0.08633773633773635
1260,FMT_UNB_0361,07/25/2017,2,0.07496823831231425
827,FMT_POS_0190,07/25/2017,2,0.07943948217773764
1006,FMT_UNB_0670,07/25/2017,2,0.10227677066483727
1467,FMT_UNB_0660,07/25/2017,2,0.05643887728004684
1007,FMT_UNB_0670,07/26/2017,3,0.10955514800480473
1261,FMT_UNB_0361,07/26/2017,3,0.0969259102699862
1104,FMT_PA_0770,07/26/2017,3,0.10243999225706542
828,FMT_POS_0190,07/26/2017,3,0.08558181368748664
1468,FMT_UNB_0660,07/26/2017,3,0.05436956186956187
1617,LS_SC_0240,07/26/2017,3,0.08633773633773635
1469,FMT_UNB_0660,07/27/2017,4,0.05346866096866097
829,FMT_POS_0190,07/27/2017,4,0.08629881878268973
1105,FMT_PA_0770,07/27/2017,4,0.100374531835206
1262,FMT_UNB_0361,07/27/2017,4,0.08406052281052281
1150,FMT_UNB_0091,07/27/2017,4,0.06124338624338624
1618,LS_SC_0240,07/27/2017,4,0.08633773633773635
1008,FMT_UNB_0670,07/27/2017,4,0.11248134367293589
1554,FMT_UNB_0782,07/28/2017,5,0.08796416546416545
830,FMT_POS_0190,07/28/2017,5,0.1034336952351658
1263,FMT_UNB_0361,07/28/2017,5,0.1364342601842602
1619,LS_SC_0240,07/28/2017,5,0.09998852998853
1151,FMT_UNB_0091,07/28/2017,5,0.09661375661375661
715,FMT_POS_0060,07/28/2017,5,0.05372245268585628
1470,FMT_UNB_0660,07/28/2017,5,0.07720122470122469
1009,FMT_UNB_0670,07/28/2017,5,0.14155974518262654
1010,FMT_UNB_0670,07/29/2017,6,0.11645152007440143
1555,FMT_UNB_0782,07/29/2017,6,0.07407527657527657
1152,FMT_UNB_0091,07/29/2017,6,0.08328595478595478
1471,FMT_UNB_0660,07/29/2017,6,0.07275678025678026
716,FMT_POS_0060,07/29/2017,6,0.0638530957166361
1620,LS_SC_0240,07/29/2017,6,0.09998852998853
585,FMT_POS_0320,07/29/2017,6,0.05323069361107303
1264,FMT_UNB_0361,07/29/2017,6,0.1364342601842602
831,FMT_POS_0190,07/29/2017,6,0.10109388689535746
1556,FMT_UNB_0782,07/30/2017,7,0.07407527657527657
1472,FMT_UNB_0660,07/30/2017,7,0.07275678025678026
1265,FMT_UNB_0361,07/30/2017,7,0.1364342601842602
1011,FMT_UNB_0670,07/30/2017,7,0.11371443371443372
832,FMT_POS_0190,07/30/2017,7,0.09564613393147546
1621,LS_SC_0240,07/30/2017,7,0.09998852998853
717,FMT_POS_0060,07/30/2017,7,0.056825086112932646
1153,FMT_UNB_0091,07/30/2017,7,0.07656084656084655
833,FMT_POS_0190,07/31/2017,1,0.05370449747194459
1266,FMT_UNB_0361,07/31/2017,1,0.07461362838323624
1012,FMT_UNB_0670,07/31/2017,1,0.10764070470592209
1622,LS_SC_0240,07/31/2017,1,0.08633773633773635
1106,FMT_PA_0770,07/31/2017,1,0.40995397349564017
384,FMT_POS_0310,08/01/2017,2,0.06608979227400281
1352,FMT_UNB_0381,08/01/2017,2,0.08023809523809523
953,FMT_UNB_0372,08/01/2017,2,0.06731194731194731
505,FMT_PA_0710,08/01/2017,2,0.055469847509063204
1399,FMT_UNB_0441,08/01/2017,2,0.08552265163152259
135,FMT_POS_0150,08/01/2017,2,0.07784769203511906
242,FMT_POS_7210,08/01/2017,2,0.05222858773684366
1154,FMT_UNB_0091,08/01/2017,2,0.05922580143168379
87,FMT_POS_0180,08/01/2017,2,0.05736632797778309
213,FMT_POS_1570,08/01/2017,2,0.05173468709801046
1267,FMT_UNB_0361,08/01/2017,2,0.08472100672100671
655,FMT_POS_7230,08/01/2017,2,0.06067428524689795
1013,FMT_UNB_0670,08/01/2017,2,0.08580197580197581
1268,FMT_UNB_0361,08/02/2017,3,0.052515852257787744
1400,FMT_UNB_0441,08/02/2017,3,0.057620703057329484
1353,FMT_UNB_0381,08/02/2017,3,0.07690476190476189
1014,FMT_UNB_0670,08/02/2017,3,0.06802419802419803
1269,FMT_UNB_0361,08/03/2017,4,0.06161534422053664
1401,FMT_UNB_0441,08/03/2017,4,0.05055226722916063
1015,FMT_UNB_0670,08/03/2017,4,0.06802419802419803
1354,FMT_UNB_0381,08/03/2017,4,0.08523809523809524
1270,FMT_UNB_0361,08/04/2017,5,0.05014691301016995
1016,FMT_UNB_0670,08/04/2017,5,0.06772879455488151
1431,FMT_UNB_0120,08/05/2017,6,0.051492839981303
13,FMT_PA_0780,08/05/2017,6,0.05763870774083971
177,FMT_PA_0930,08/05/2017,6,0.05857571746529941
136,FMT_POS_0150,08/05/2017,6,0.059135072443895965
137,FMT_POS_0150,08/06/2017,7,0.053005001797696294
767,FMT_POS_1670,08/06/2017,7,0.05631180753843213
416,FMT_PA_0850,08/06/2017,7,0.05487466131784857
108,FMT_PA_0855,08/06/2017,7,0.058369684170256314
88,FMT_POS_0180,08/06/2017,7,0.05287434319477881
586,FMT_POS_0320,08/06/2017,7,0.05130316755281169
14,FMT_PA_0780,08/06/2017,7,0.056600530164573566
178,FMT_PA_0930,08/06/2017,7,0.05832014632613781
46,FMT_POS_0360,08/08/2017,2,0.05270612635446395
834,FMT_POS_0190,08/11/2017,5,0.07134199375503725
138,FMT_POS_0150,08/12/2017,6,0.050595892898524474
835,FMT_POS_0190,08/12/2017,6,0.10250290641669951
1402,FMT_UNB_0441,08/12/2017,6,0.10153920153920154
718,FMT_POS_0060,08/12/2017,6,0.051213601323199624
320,FMT_POS_0130,08/12/2017,6,0.057155178045693325
1355,FMT_UNB_0381,08/12/2017,6,0.08235810485810485
633,FMT_POS_0080,08/12/2017,6,0.05262050322859314
928,FMT_POS_190,08/12/2017,6,0.06799513989205434
1528,FMT_PA_0920,08/12/2017,6,0.10083333333333333
1205,FMT_UNB_0310,08/12/2017,6,0.15493238639071974
719,FMT_POS_0060,08/13/2017,7,0.05576210837170667
836,FMT_POS_0190,08/13/2017,7,0.051959962280302106
479,FMT_PA_0854,08/13/2017,7,0.0510317050167706
139,FMT_POS_0150,08/13/2017,7,0.05364423344686502
321,FMT_POS_0130,08/13/2017,7,0.05971928060979588
634,FMT_POS_0080,08/13/2017,7,0.05731025791834783
837,FMT_POS_0190,08/14/2017,1,0.05390544891293966
537,FMT_POS_0100,08/15/2017,2,0.0514207169039758
838,FMT_POS_0190,08/15/2017,2,0.05245432758773974
839,FMT_POS_0190,08/16/2017,3,0.06286235191639518
840,FMT_POS_0190,08/18/2017,5,0.05090528695783937
1557,FMT_UNB_0782,08/18/2017,5,0.05707671957671958
587,FMT_POS_0320,08/19/2017,6,0.06068119645519026
841,FMT_POS_0190,08/19/2017,6,0.053459070201005675
720,FMT_POS_0060,08/19/2017,6,0.06233797261667281
588,FMT_POS_0320,08/20/2017,7,0.059746593495232335
842,FMT_POS_0190,08/20/2017,7,0.06036238910432458
721,FMT_POS_0060,08/20/2017,7,0.08742786661961029
1107,FMT_PA_0770,08/21/2017,1,0.13896493840792085
1017,FMT_UNB_0670,08/21/2017,1,0.10267866191779235
1623,LS_SC_0240,08/21/2017,1,0.09467106967106968
1473,FMT_UNB_0660,08/21/2017,1,0.0580982905982906
1271,FMT_UNB_0361,08/21/2017,1,0.07461362838323624
349,FMT_POS_7220,08/21/2017,1,0.05293568240233394
843,FMT_POS_0190,08/21/2017,1,0.07714277204824264
844,FMT_POS_0190,08/22/2017,2,0.0861649782143792
1474,FMT_UNB_0660,08/22/2017,2,0.05346866096866097
350,FMT_POS_7220,08/22/2017,2,0.05049013619465947
722,FMT_POS_0060,08/22/2017,2,0.05024942510236628
1624,LS_SC_0240,08/22/2017,2,0.08633773633773635
1018,FMT_UNB_0670,08/22/2017,2,0.10267866191779235
1272,FMT_UNB_0361,08/22/2017,2,0.07461362838323624
1273,FMT_UNB_0361,08/23/2017,3,0.09657130034090819
845,FMT_POS_0190,08/23/2017,3,0.08911780884780122
1019,FMT_UNB_0670,08/23/2017,3,0.110835227574358
1475,FMT_UNB_0660,08/23/2017,3,0.05346866096866097
1625,LS_SC_0240,08/23/2017,3,0.08633773633773635
1626,LS_SC_0240,08/24/2017,4,0.08633773633773635
846,FMT_POS_0190,08/24/2017,4,0.08629881878268973
1274,FMT_UNB_0361,08/24/2017,4,0.08441513273960081
1020,FMT_UNB_0670,08/24/2017,4,0.11459551822552029
1476,FMT_UNB_0660,08/24/2017,4,0.05643887728004684
1155,FMT_UNB_0091,08/24/2017,4,0.06344811217151641
1156,FMT_UNB_0091,08/25/2017,5,0.1034203061546537
1275,FMT_UNB_0361,08/25/2017,5,0.1378877712122393
1627,LS_SC_0240,08/25/2017,5,0.09998852998853
847,FMT_POS_0190,08/25/2017,5,0.10544011544011543
1021,FMT_UNB_0670,08/25/2017,5,0.14388590838113016
723,FMT_POS_0060,08/25/2017,5,0.05758797044125575
1477,FMT_UNB_0660,08/25/2017,5,0.0836390774951212
1558,FMT_UNB_0782,08/25/2017,5,0.08796416546416545
1157,FMT_UNB_0091,08/26/2017,6,0.08817832047149156
1108,FMT_PA_0770,08/26/2017,6,0.10500070978834074
1022,FMT_UNB_0670,08/26/2017,6,0.1228303681766538
1276,FMT_UNB_0361,08/26/2017,6,0.1378877712122393
848,FMT_POS_0190,08/26/2017,6,0.1031003071003071
1478,FMT_UNB_0660,08/26/2017,6,0.07712531764019179
1628,LS_SC_0240,08/26/2017,6,0.09998852998853
1559,FMT_UNB_0782,08/26/2017,6,0.07407527657527657
724,FMT_POS_0060,08/26/2017,6,0.072793047505688
849,FMT_POS_0190,08/27/2017,7,0.1031003071003071
1277,FMT_UNB_0361,08/27/2017,7,0.1375331612831613
1629,LS_SC_0240,08/27/2017,7,0.09998852998853
1109,FMT_PA_0770,08/27/2017,7,0.1016286617821464
1158,FMT_UNB_0091,08/27/2017,7,0.08588100195076878
725,FMT_POS_0060,08/27/2017,7,0.072793047505688
1479,FMT_UNB_0660,08/27/2017,7,0.07622441673929088
1023,FMT_UNB_0670,08/27/2017,7,0.12316614351242913
1560,FMT_UNB_0782,08/27/2017,7,0.07407527657527657
1110,FMT_PA_0770,08/28/2017,1,0.40995397349564017
1630,LS_SC_0240,08/28/2017,1,0.08633773633773635
1024,FMT_UNB_0670,08/28/2017,1,0.10156755080668124
850,FMT_POS_0190,08/28/2017,1,0.06558553998206793
1278,FMT_UNB_0361,08/28/2017,1,0.07461362838323624
1480,FMT_UNB_0660,08/29/2017,2,0.05346866096866097
1159,FMT_UNB_0091,08/29/2017,2,0.0546023976023976
851,FMT_POS_0190,08/29/2017,2,0.07426542941563472
1631,LS_SC_0240,08/29/2017,2,0.08633773633773635
1279,FMT_UNB_0361,08/29/2017,2,0.07461362838323624
1025,FMT_UNB_0670,08/29/2017,2,0.10764070470592209
589,FMT_POS_0320,08/30/2017,3,0.057798506338801986
1481,FMT_UNB_0660,08/30/2017,3,0.05346866096866097
1632,LS_SC_0240,08/30/2017,3,0.08633773633773635
1026,FMT_UNB_0670,08/30/2017,3,0.11097403803925543
852,FMT_POS_0190,08/30/2017,3,0.07739420227928702
1280,FMT_UNB_0361,08/30/2017,3,0.09657130034090819
1633,LS_SC_0240,08/31/2017,4,0.08633773633773635
1482,FMT_UNB_0660,08/31/2017,4,0.05346866096866097
1027,FMT_UNB_0670,08/31/2017,4,0.10641603565516608
1281,FMT_UNB_0361,08/31/2017,4,0.08406052281052281
853,FMT_POS_0190,08/31/2017,4,0.07046765098446768
1160,FMT_UNB_0091,08/31/2017,4,0.05349206349206349
665,FMT_POS_0340,09/01/2017,5,0.051336311538341325
1356,FMT_UNB_0381,09/01/2017,5,0.07690476190476189
590,FMT_POS_0320,09/01/2017,5,0.05296754396830674
300,FMT_PA_0851,09/01/2017,5,0.059522302993956375
243,FMT_POS_7210,09/01/2017,5,0.07336234976707362
1403,FMT_UNB_0441,09/01/2017,5,0.05055226722916063
140,FMT_POS_0150,09/01/2017,5,0.07765068603830105
1028,FMT_UNB_0670,09/01/2017,5,0.08418382100990796
506,FMT_PA_0710,09/01/2017,5,0.060648727687943375
89,FMT_POS_0180,09/01/2017,5,0.05257478852812205
214,FMT_POS_1570,09/01/2017,5,0.055751357249996074
385,FMT_POS_0310,09/01/2017,5,0.06755676575410052
417,FMT_PA_0850,09/01/2017,5,0.06203297870163861
261,FMT_PA_0790,09/01/2017,5,0.06694151640129736
726,FMT_POS_0060,09/02/2017,6,0.05071920492832096
61,FMT_POS_0290,09/02/2017,6,0.05445573459891224
1029,FMT_UNB_0670,09/02/2017,6,0.07825496725496725
15,FMT_PA_0780,09/02/2017,6,0.056470019500926075
179,FMT_PA_0930,09/02/2017,6,0.050644734344391096
538,FMT_POS_0100,09/02/2017,6,0.05867298120782669
1357,FMT_UNB_0381,09/02/2017,6,0.07690476190476189
447,FMT_POS_0070,09/02/2017,6,0.07372469419358474
141,FMT_POS_0150,09/02/2017,6,0.061592257072133234
1404,FMT_UNB_0441,09/02/2017,6,0.05055226722916063
1358,FMT_UNB_0381,09/03/2017,7,0.07690476190476189
16,FMT_PA_0780,09/03/2017,7,0.05083221713568097
480,FMT_PA_0854,09/03/2017,7,0.053071039801378186
1030,FMT_UNB_0670,09/03/2017,7,0.07825496725496725
1405,FMT_UNB_0441,09/03/2017,7,0.05055226722916063
1197,FMT_UNB_0090,09/04/2017,1,0.1022795414462081
1282,FMT_UNB_0361,09/04/2017,1,0.0916197900328335
1161,FMT_UNB_0091,09/04/2017,1,0.08903920153920154
1031,FMT_UNB_0670,09/04/2017,1,0.06172790172790174
1359,FMT_UNB_0381,09/04/2017,1,0.06071428571428571
1406,FMT_UNB_0441,09/04/2017,1,0.08942760942760943
1283,FMT_UNB_0361,09/05/2017,2,0.05274888775506848
1407,FMT_UNB_0441,09/05/2017,2,0.05884335870222967
180,FMT_PA_0930,09/09/2017,6,0.0522056619946483
635,FMT_POS_0080,09/09/2017,6,0.05640617609657858
591,FMT_POS_0320,09/09/2017,6,0.05346763662320938
90,FMT_POS_0180,09/09/2017,6,0.05863105431306282
142,FMT_POS_0150,09/09/2017,6,0.054700356498602117
679,FMT_PA_0750,09/09/2017,6,0.05026441181712335
322,FMT_POS_0130,09/09/2017,6,0.05670018523007741
636,FMT_POS_0080,09/10/2017,7,0.055659623144143265
91,FMT_POS_0180,09/10/2017,7,0.0601086851718189
592,FMT_POS_0320,09/10/2017,7,0.05194046009603284
143,FMT_POS_0150,09/10/2017,7,0.05518112572937135
323,FMT_POS_0130,09/10/2017,7,0.05797500770610268
854,FMT_POS_0190,09/11/2017,1,0.050139524448801785
277,FMT_POS_0270,09/11/2017,1,0.0524517453636465
666,FMT_POS_0340,09/11/2017,1,0.05643977522948016
1529,FMT_PA_0920,09/12/2017,2,0.15932336182336185
855,FMT_POS_0190,09/12/2017,2,0.12194535577144273
929,FMT_POS_190,09/12/2017,2,0.05822901635401635
1408,FMT_UNB_0441,09/12/2017,2,0.1144071669071669
1206,FMT_UNB_0310,09/12/2017,2,0.16292328042328041
1360,FMT_UNB_0381,09/12/2017,2,0.06601851851851853
939,report001,09/13/2017,3,0.059503151169817844
1207,FMT_UNB_0310,09/13/2017,3,0.06926319750694249
1530,FMT_PA_0920,09/13/2017,3,0.07494745994745994
856,FMT_POS_0190,09/13/2017,3,0.0936076026211519
1361,FMT_UNB_0381,09/13/2017,3,0.05107939490179016
1409,FMT_UNB_0441,09/13/2017,3,0.06702572925531183
481,FMT_PA_0854,09/15/2017,5,0.055924145954300224
539,FMT_POS_0100,09/15/2017,5,0.06747437770064614
215,FMT_POS_1570,09/15/2017,5,0.05378249091616069
62,FMT_POS_0290,09/15/2017,5,0.05004817519546168
540,FMT_POS_0100,09/16/2017,6,0.058862540024578476
637,FMT_POS_0080,09/16/2017,6,0.05032262752278905
593,FMT_POS_0320,09/16/2017,6,0.05272076725017902
144,FMT_POS_0150,09/16/2017,6,0.05042156324478979
727,FMT_POS_0060,09/16/2017,6,0.05468193851621975
482,FMT_PA_0854,09/16/2017,6,0.051671316388363565
728,FMT_POS_0060,09/17/2017,7,0.05013691556859732
418,FMT_PA_0850,09/17/2017,7,0.05111957168653087
857,FMT_POS_0190,09/17/2017,7,0.054800546657029194
594,FMT_POS_0320,09/17/2017,7,0.06414608267549443
145,FMT_POS_0150,09/17/2017,7,0.05552981530550365
351,FMT_POS_7220,09/18/2017,1,0.05265669426061092
1428,FMT_POS_7160,09/19/2017,2,0.05481631103983009
386,FMT_POS_0310,09/20/2017,3,0.050354291289469735
768,FMT_POS_1670,09/20/2017,3,0.05747716516172472
595,FMT_POS_0320,09/20/2017,3,0.05803764318063747
1634,LS_SC_0240,09/21/2017,4,0.10300440300440301
1162,FMT_UNB_0091,09/21/2017,4,0.0638095238095238
1483,FMT_UNB_0660,09/21/2017,4,0.061801994301994304
1284,FMT_UNB_0361,09/21/2017,4,0.08406052281052281
729,FMT_POS_0060,09/21/2017,4,0.05380398116178886
858,FMT_POS_0190,09/21/2017,4,0.09064225312612409
1032,FMT_UNB_0670,09/21/2017,4,0.12228206926313516
1163,FMT_UNB_0091,09/22/2017,5,0.11391330891330892
1561,FMT_UNB_0782,09/22/2017,5,0.093519721019721
730,FMT_POS_0060,09/22/2017,5,0.08349206349206349
1635,LS_SC_0240,09/22/2017,5,0.09998852998853
1285,FMT_UNB_0361,09/22/2017,5,0.13976759351759352
1033,FMT_UNB_0670,09/22/2017,5,0.14603269017062118
1484,FMT_UNB_0660,09/22/2017,5,0.09577955458390242
859,FMT_POS_0190,09/22/2017,5,0.11496392496392495
731,FMT_POS_0060,09/23/2017,6,0.09445370762006602
1286,FMT_UNB_0361,09/23/2017,6,0.1375331612831613
1562,FMT_UNB_0782,09/23/2017,6,0.07407527657527657
1485,FMT_UNB_0660,09/23/2017,6,0.07622441673929088
1034,FMT_UNB_0670,09/23/2017,6,0.1264489960869271
1164,FMT_UNB_0091,09/23/2017,6,0.0842143352841021
860,FMT_POS_0190,09/23/2017,6,0.1031003071003071
1636,LS_SC_0240,09/23/2017,6,0.09998852998853
861,FMT_POS_0190,09/24/2017,7,0.1031003071003071
732,FMT_POS_0060,09/24/2017,7,0.0710836457962863
1035,FMT_UNB_0670,09/24/2017,7,0.12353958803480983
1287,FMT_UNB_0361,09/24/2017,7,0.1378877712122393
1165,FMT_UNB_0091,09/24/2017,7,0.08901165380482487
1563,FMT_UNB_0782,09/24/2017,7,0.07407527657527657
1486,FMT_UNB_0660,09/24/2017,7,0.07919463305067675
1637,LS_SC_0240,09/24/2017,7,0.09998852998853
1288,FMT_UNB_0361,09/25/2017,1,0.07496823831231425
1487,FMT_UNB_0660,09/25/2017,1,0.052735173576343136
1638,LS_SC_0240,09/25/2017,1,0.08633773633773635
862,FMT_POS_0190,09/25/2017,1,0.06907936927895753
1036,FMT_UNB_0670,09/25/2017,1,0.10227677066483727
1111,FMT_PA_0770,09/25/2017,1,0.3799680712400011
1488,FMT_UNB_0660,09/26/2017,2,0.05436956186956187
1639,LS_SC_0240,09/26/2017,2,0.08633773633773635
1289,FMT_UNB_0361,09/26/2017,2,0.07496823831231425
1112,FMT_PA_0770,09/26/2017,2,0.1016066589237321
1037,FMT_UNB_0670,09/26/2017,2,0.10156755080668124
863,FMT_POS_0190,09/26/2017,2,0.07943948217773764
596,FMT_POS_0320,09/27/2017,3,0.050182322769808246
1489,FMT_UNB_0660,09/27/2017,3,0.05346866096866097
1038,FMT_UNB_0670,09/27/2017,3,0.10989092334058007
864,FMT_POS_0190,09/27/2017,3,0.08558181368748664
1113,FMT_PA_0770,09/27/2017,3,0.1
1640,LS_SC_0240,09/27/2017,3,0.08633773633773635
1290,FMT_UNB_0361,09/27/2017,3,0.09657130034090819
1490,FMT_UNB_0660,09/28/2017,4,0.05346866096866097
865,FMT_POS_0190,09/28/2017,4,0.0818659791127811
1641,LS_SC_0240,09/28/2017,4,0.08633773633773635
1291,FMT_UNB_0361,09/28/2017,4,0.08406052281052281
1166,FMT_UNB_0091,09/28/2017,4,0.06124338624338624
1039,FMT_UNB_0670,09/28/2017,4,0.11248134367293589
1564,FMT_UNB_0782,09/29/2017,5,0.08796416546416545
1040,FMT_UNB_0670,09/29/2017,5,0.1367978404207218
1167,FMT_UNB_0091,09/29/2017,5,0.096513468013468
1491,FMT_UNB_0660,09/29/2017,5,0.07720122470122469
1642,LS_SC_0240,09/29/2017,5,0.09998852998853
866,FMT_POS_0190,09/29/2017,5,0.1034336952351658
1292,FMT_UNB_0361,09/29/2017,5,0.1364342601842602
1643,LS_SC_0240,09/30/2017,6,0.09998852998853
1293,FMT_UNB_0361,09/30/2017,6,0.1364342601842602
1492,FMT_UNB_0660,09/30/2017,6,0.07275678025678026
1565,FMT_UNB_0782,09/30/2017,6,0.07407527657527657
1168,FMT_UNB_0091,09/30/2017,6,0.07656084656084655
1041,FMT_UNB_0670,09/30/2017,6,0.11371443371443372
733,FMT_POS_0060,09/30/2017,6,0.056825086112932646
867,FMT_POS_0190,09/30/2017,6,0.09564613393147546
1362,FMT_UNB_0381,10/01/2017,7,0.07690476190476189
541,FMT_POS_0100,10/01/2017,7,0.05586069545436446
387,FMT_POS_0310,10/01/2017,7,0.06726264810704172
262,FMT_PA_0790,10/01/2017,7,0.050873591523528175
597,FMT_POS_0320,10/01/2017,7,0.06668893368969646
1042,FMT_UNB_0670,10/01/2017,7,0.07825496725496725
301,FMT_PA_0851,10/01/2017,7,0.05252343200119523
216,FMT_POS_1570,10/01/2017,7,0.05851836801700686
244,FMT_POS_7210,10/01/2017,7,0.057359389764113616
146,FMT_POS_0150,10/01/2017,7,0.08771582466815733
507,FMT_PA_0710,10/01/2017,7,0.06030120832593124
324,FMT_POS_0130,10/01/2017,7,0.058650767669014635
448,FMT_POS_0070,10/01/2017,7,0.06435616417288083
419,FMT_PA_0850,10/01/2017,7,0.05769083204316404
1410,FMT_UNB_0441,10/01/2017,7,0.05055226722916063
1294,FMT_UNB_0361,10/02/2017,1,0.09141534391534392
1043,FMT_UNB_0670,10/02/2017,1,0.11246864246864247
954,FMT_UNB_0372,10/02/2017,1,0.07784225034225035
1363,FMT_UNB_0381,10/02/2017,1,0.105
1169,FMT_UNB_0091,10/02/2017,1,0.14068563789152025
946,FMT_UNB_0370,10/02/2017,1,0.07265089485677721
1198,FMT_UNB_0090,10/02/2017,1,0.13033651533651533
1411,FMT_UNB_0441,10/02/2017,1,0.0964045214045214
1170,FMT_UNB_0091,10/03/2017,2,0.05922580143168379
1364,FMT_UNB_0381,10/03/2017,2,0.08857142857142856
955,FMT_UNB_0372,10/03/2017,2,0.06731194731194731
1044,FMT_UNB_0670,10/03/2017,2,0.08580197580197581
1412,FMT_UNB_0441,10/03/2017,2,0.08552265163152259
1295,FMT_UNB_0361,10/03/2017,2,0.08948291148291147
1296,FMT_UNB_0361,10/04/2017,3,0.05137043065040961
1413,FMT_UNB_0441,10/04/2017,3,0.05171905989762182
1432,FMT_UNB_0120,10/05/2017,4,0.05562794099140401
42,FMT_PA_0852,10/05/2017,4,0.05217683192777477
420,FMT_PA_0850,10/06/2017,5,0.06445916074988535
638,FMT_POS_0080,10/07/2017,6,0.06531351093580195
1379,FMT_UNB_0650,10/07/2017,6,0.05385256888632174
109,FMT_PA_0855,10/07/2017,6,0.05432517337751331
92,FMT_POS_0180,10/07/2017,6,0.056530794655969975
680,FMT_PA_0750,10/07/2017,6,0.05061766042037196
598,FMT_POS_0320,10/07/2017,6,0.05356891256049217
181,FMT_PA_0930,10/07/2017,6,0.05961371050414134
17,FMT_PA_0780,10/07/2017,6,0.05211871572509322
93,FMT_POS_0180,10/08/2017,7,0.06512592321162484
110,FMT_PA_0855,10/08/2017,7,0.05154774412383108
681,FMT_PA_0750,10/08/2017,7,0.05084161239432393
639,FMT_POS_0080,10/08/2017,7,0.060164393479115376
18,FMT_PA_0780,10/08/2017,7,0.05377224280335148
47,FMT_POS_0360,10/10/2017,2,0.05419110722563407
930,FMT_POS_190,10/11/2017,3,0.050912698412698416
868,FMT_POS_0190,10/11/2017,3,0.09402603387897505
940,report001,10/11/2017,3,0.10474294224294226
1531,FMT_PA_0920,10/12/2017,4,0.10083333333333333
869,FMT_POS_0190,10/12/2017,4,0.12290976143529905
941,report001,10/12/2017,4,0.09028879704885467
1414,FMT_UNB_0441,10/12/2017,4,0.10985473232599667
931,FMT_POS_190,10/12/2017,4,0.1030745633213653
1208,FMT_UNB_0310,10/12/2017,4,0.15719813139840022
1365,FMT_UNB_0381,10/12/2017,4,0.1024254449254449
263,FMT_PA_0790,10/13/2017,5,0.050694160370486574
278,FMT_POS_0270,10/13/2017,5,0.052335080872868964
245,FMT_POS_7210,10/13/2017,5,0.05108681100037502
640,FMT_POS_0080,10/14/2017,6,0.06202626386623784
483,FMT_PA_0854,10/14/2017,6,0.05634743405375604
599,FMT_POS_0320,10/14/2017,6,0.05090704175998293
421,FMT_PA_0850,10/14/2017,6,0.05076667163323588
734,FMT_POS_0060,10/14/2017,6,0.059580476965187715
542,FMT_POS_0100,10/14/2017,6,0.06772617638821485
147,FMT_POS_0150,10/14/2017,6,0.0536295832949151
484,FMT_PA_0854,10/15/2017,7,0.05634743405375604
600,FMT_POS_0320,10/15/2017,7,0.05090704175998293
422,FMT_PA_0850,10/15/2017,7,0.05605003363665891
543,FMT_POS_0100,10/15/2017,7,0.06873627739831585
217,FMT_POS_1570,10/15/2017,7,0.05162077901251329
641,FMT_POS_0080,10/15/2017,7,0.05090901825623861
735,FMT_POS_0060,10/15/2017,7,0.05971561210032285
870,FMT_POS_0190,10/16/2017,1,0.055184836032835756
871,FMT_POS_0190,10/17/2017,2,0.05230412401305868
872,FMT_POS_0190,10/18/2017,3,0.05280955499088909
1045,FMT_UNB_0670,10/20/2017,5,0.05831374335541003
1171,FMT_UNB_0091,10/20/2017,5,0.050897435897435894
873,FMT_POS_0190,10/20/2017,5,0.051024941008811976
736,FMT_POS_0060,10/20/2017,5,0.08364654568458917
1566,FMT_UNB_0782,10/20/2017,5,0.05707671957671958
1046,FMT_UNB_0670,10/21/2017,6,0.13120361120361118
1493,FMT_UNB_0660,10/21/2017,6,0.09918535168535168
737,FMT_POS_0060,10/21/2017,6,0.1085624657161659
1644,LS_SC_0240,10/21/2017,6,0.11665519665519668
1297,FMT_UNB_0361,10/21/2017,6,0.13976759351759352
874,FMT_POS_0190,10/21/2017,6,0.11262411662411662
1567,FMT_UNB_0782,10/21/2017,6,0.07963083213083212
1172,FMT_UNB_0091,10/21/2017,6,0.10367724867724867
1568,FMT_UNB_0782,10/22/2017,7,0.07963083213083212
1645,LS_SC_0240,10/22/2017,7,0.09998852998853
738,FMT_POS_0060,10/22/2017,7,0.10013052728422746
1173,FMT_UNB_0091,10/22/2017,7,0.09812169312169312
1298,FMT_UNB_0361,10/22/2017,7,0.13976759351759352
875,FMT_POS_0190,10/22/2017,7,0.11262411662411662
1494,FMT_UNB_0660,10/22/2017,7,0.09133511013945797
1047,FMT_UNB_0670,10/22/2017,7,0.12568636982430084
876,FMT_POS_0190,10/23/2017,1,0.07385442297041989
1646,LS_SC_0240,10/23/2017,1,0.08633773633773635
1114,FMT_PA_0770,10/23/2017,1,0.17186440930739177
1299,FMT_UNB_0361,10/23/2017,1,0.07461362838323624
1048,FMT_UNB_0670,10/23/2017,1,0.10750189424102466
1647,LS_SC_0240,10/24/2017,2,0.08633773633773635
1049,FMT_UNB_0670,10/24/2017,2,0.10227677066483727
877,FMT_POS_0190,10/24/2017,2,0.0861649782143792
1300,FMT_UNB_0361,10/24/2017,2,0.07496823831231425
1495,FMT_UNB_0660,10/24/2017,2,0.05643887728004684
1301,FMT_UNB_0361,10/25/2017,3,0.0969259102699862
878,FMT_POS_0190,10/25/2017,3,0.08903008954955562
1050,FMT_UNB_0670,10/25/2017,3,0.10850998189804849
1496,FMT_UNB_0660,10/25/2017,3,0.05643887728004684
1648,LS_SC_0240,10/25/2017,3,0.08633773633773635
1115,FMT_PA_0770,10/26/2017,4,0.1036081748859222
1051,FMT_UNB_0670,10/26/2017,4,0.1148073509989432
879,FMT_POS_0190,10/26/2017,4,0.08629881878268973
1174,FMT_UNB_0091,10/26/2017,4,0.06261477883818309
1302,FMT_UNB_0361,10/26/2017,4,0.08441513273960081
1649,LS_SC_0240,10/26/2017,4,0.08633773633773635
1497,FMT_UNB_0660,10/26/2017,4,0.05436956186956187
880,FMT_POS_0190,10/27/2017,5,0.10544011544011543
1116,FMT_PA_0770,10/27/2017,5,0.1016286617821464
1303,FMT_UNB_0361,10/27/2017,5,0.1375331612831613
1498,FMT_UNB_0660,10/27/2017,5,0.08066886118373533
1175,FMT_UNB_0091,10/27/2017,5,0.10028965430059758
1052,FMT_UNB_0670,10/27/2017,5,0.14351246385874947
1569,FMT_UNB_0782,10/27/2017,5,0.08796416546416545
1650,LS_SC_0240,10/27/2017,5,0.09998852998853
739,FMT_POS_0060,10/27/2017,5,0.05929737215065745
1176,FMT_UNB_0091,10/28/2017,6,0.08298941798941797
1651,LS_SC_0240,10/28/2017,6,0.09998852998853
1053,FMT_UNB_0670,10/28/2017,6,0.12121342483630619
1499,FMT_UNB_0660,10/28/2017,6,0.07275678025678026
601,FMT_POS_0320,10/28/2017,6,0.051880127001547996
1304,FMT_UNB_0361,10/28/2017,6,0.1364342601842602
1570,FMT_UNB_0782,10/28/2017,6,0.07407527657527657
740,FMT_POS_0060,10/28/2017,6,0.06731074917428956
881,FMT_POS_0190,10/28/2017,6,0.10109388689535746
1571,FMT_UNB_0782,10/29/2017,7,0.07407527657527657
1054,FMT_UNB_0670,10/29/2017,7,0.11645152007440143
1177,FMT_UNB_0091,10/29/2017,7,0.08328595478595478
882,FMT_POS_0190,10/29/2017,7,0.10109388689535746
1652,LS_SC_0240,10/29/2017,7,0.09998852998853
1500,FMT_UNB_0660,10/29/2017,7,0.07275678025678026
741,FMT_POS_0060,10/29/2017,7,0.0638530957166361
602,FMT_POS_0320,10/29/2017,7,0.05323069361107303
1305,FMT_UNB_0361,10/29/2017,7,0.1364342601842602
1653,LS_SC_0240,10/30/2017,1,0.08633773633773635
947,FMT_UNB_0370,10/30/2017,1,0.05026042293096052
883,FMT_POS_0190,10/30/2017,1,0.06324850328651194
1055,FMT_UNB_0670,10/30/2017,1,0.10764070470592209
1117,FMT_PA_0770,10/30/2017,1,0.40995397349564017
1306,FMT_UNB_0361,10/30/2017,1,0.07461362838323624
1654,LS_SC_0240,10/31/2017,2,0.08633773633773635
642,FMT_POS_0080,10/31/2017,2,0.054559250342991514
884,FMT_POS_0190,10/31/2017,2,0.06059263572227949
1056,FMT_UNB_0670,10/31/2017,2,0.10764070470592209
1501,FMT_UNB_0660,10/31/2017,2,0.05346866096866097
742,FMT_POS_0060,10/31/2017,2,0.05169489426146369
1307,FMT_UNB_0361,10/31/2017,2,0.07461362838323624
388,FMT_POS_0310,11/01/2017,3,0.059890898575109104
148,FMT_POS_0150,11/01/2017,3,0.08198467180090208
1415,FMT_UNB_0441,11/01/2017,3,0.057620703057329484
1057,FMT_UNB_0670,11/01/2017,3,0.06802419802419803
246,FMT_POS_7210,11/01/2017,3,0.05357314168459679
94,FMT_POS_0180,11/01/2017,3,0.050897183087585576
218,FMT_POS_1570,11/01/2017,3,0.05873144034476372
508,FMT_PA_0710,11/01/2017,3,0.06262450918278113
1308,FMT_UNB_0361,11/01/2017,3,0.052515852257787744
1366,FMT_UNB_0381,11/01/2017,3,0.07690476190476189
656,FMT_POS_7230,11/01/2017,3,0.061819170201627194
1309,FMT_UNB_0361,11/02/2017,4,0.06057367755386998
1416,FMT_UNB_0441,11/02/2017,4,0.05055226722916063
1367,FMT_UNB_0381,11/02/2017,4,0.07690476190476189
1058,FMT_UNB_0670,11/02/2017,4,0.06802419802419803
1417,FMT_UNB_0441,11/03/2017,5,0.05055226722916063
1368,FMT_UNB_0381,11/03/2017,5,0.07690476190476189
1059,FMT_UNB_0670,11/03/2017,5,0.08418382100990796
1310,FMT_UNB_0361,11/04/2017,6,0.05014691301016995
149,FMT_POS_0150,11/04/2017,6,0.05451746782629135
182,FMT_PA_0930,11/04/2017,6,0.05898176067694534
1060,FMT_UNB_0670,11/04/2017,6,0.05862533762533763
19,FMT_PA_0780,11/05/2017,7,0.05763870774083971
1433,FMT_UNB_0120,11/05/2017,7,0.051492839981303
183,FMT_PA_0930,11/05/2017,7,0.05857571746529941
150,FMT_POS_0150,11/05/2017,7,0.059135072443895965
1311,FMT_UNB_0361,11/06/2017,1,0.059928350033922245
63,FMT_POS_0290,11/07/2017,2,0.050189322250423274
48,FMT_POS_0360,11/07/2017,2,0.05478031686983093
95,FMT_POS_0180,11/07/2017,2,0.0554898548985524
151,FMT_POS_0150,11/07/2017,2,0.05092025911089172
352,FMT_POS_7220,11/09/2017,4,0.05103408601202719
64,FMT_POS_0290,11/10/2017,5,0.052507583155878494
353,FMT_POS_7220,11/11/2017,6,0.054706101129585065
885,FMT_POS_0190,11/11/2017,6,0.06705340121980989
325,FMT_POS_0130,11/11/2017,6,0.05201164129296117
279,FMT_POS_0270,11/11/2017,6,0.053904166868027605
96,FMT_POS_0180,11/11/2017,6,0.06256426919112121
743,FMT_POS_0060,11/11/2017,6,0.051895305583851255
643,FMT_POS_0080,11/11/2017,6,0.054331120728684325
603,FMT_POS_0320,11/11/2017,6,0.05194046009603284
65,FMT_POS_0290,11/11/2017,6,0.05014028324772401
744,FMT_POS_0060,11/12/2017,7,0.051213601323199624
1532,FMT_PA_0920,11/12/2017,7,0.10083333333333333
886,FMT_POS_0190,11/12/2017,7,0.10250290641669951
152,FMT_POS_0150,11/12/2017,7,0.050595892898524474
326,FMT_POS_0130,11/12/2017,7,0.057155178045693325
932,FMT_POS_190,11/12/2017,7,0.06799513989205434
1209,FMT_UNB_0310,11/12/2017,7,0.15493238639071974
644,FMT_POS_0080,11/12/2017,7,0.05262050322859314
1418,FMT_UNB_0441,11/12/2017,7,0.10153920153920154
1369,FMT_UNB_0381,11/12/2017,7,0.08235810485810485
667,FMT_POS_0340,11/13/2017,1,0.050605626819244805
1210,FMT_UNB_0310,11/13/2017,1,0.05894189694370644
887,FMT_POS_0190,11/13/2017,1,0.051413568256447745
1533,FMT_PA_0920,11/14/2017,2,0.05573962472336456
888,FMT_POS_0190,11/14/2017,2,0.06600752771110002
544,FMT_POS_0100,11/14/2017,2,0.05327263086689545
889,FMT_POS_0190,11/15/2017,3,0.05983134611176028
485,FMT_PA_0854,11/16/2017,4,0.05360493845602334
890,FMT_POS_0190,11/18/2017,6,0.05721243202304894
423,FMT_PA_0850,11/18/2017,6,0.05018035660938475
153,FMT_POS_0150,11/18/2017,6,0.055858762673924714
745,FMT_POS_0060,11/18/2017,6,0.06093010512184879
604,FMT_POS_0320,11/18/2017,6,0.06455787995687376
891,FMT_POS_0190,11/19/2017,7,0.053459070201005675
746,FMT_POS_0060,11/19/2017,7,0.06233797261667281
605,FMT_POS_0320,11/19/2017,7,0.06068119645519026
769,FMT_POS_1670,11/20/2017,1,0.05786079080747449
606,FMT_POS_0320,11/20/2017,1,0.050984879603505034
1655,LS_SC_0240,11/21/2017,2,0.09467106967106968
1312,FMT_UNB_0361,11/21/2017,2,0.07461362838323624
1061,FMT_UNB_0670,11/21/2017,2,0.10267866191779235
892,FMT_POS_0190,11/21/2017,2,0.09022853689094097
747,FMT_POS_0060,11/21/2017,2,0.05103586088880207
1502,FMT_UNB_0660,11/21/2017,2,0.061801994301994304
1656,LS_SC_0240,11/22/2017,3,0.08633773633773635
1313,FMT_UNB_0361,11/22/2017,3,0.09657130034090819
893,FMT_POS_0190,11/22/2017,3,0.08911780884780122
1062,FMT_UNB_0670,11/22/2017,3,0.10601199525112567
1503,FMT_UNB_0660,11/22/2017,3,0.05346866096866097
1063,FMT_UNB_0670,11/23/2017,4,0.11807018918918612
894,FMT_POS_0190,11/23/2017,4,0.08629881878268973
1504,FMT_UNB_0660,11/23/2017,4,0.05346866096866097
1657,LS_SC_0240,11/23/2017,4,0.08633773633773635
1314,FMT_UNB_0361,11/23/2017,4,0.08406052281052281
1178,FMT_UNB_0091,11/23/2017,4,0.058253968253968245
748,FMT_POS_0060,11/23/2017,4,0.05401628755056584
1572,FMT_UNB_0782,11/24/2017,5,0.08796416546416545
749,FMT_POS_0060,11/24/2017,5,0.05758797044125575
1505,FMT_UNB_0660,11/24/2017,5,0.0836390774951212
895,FMT_POS_0190,11/24/2017,5,0.10544011544011543
1315,FMT_UNB_0361,11/24/2017,5,0.1378877712122393
1658,LS_SC_0240,11/24/2017,5,0.09998852998853
1064,FMT_UNB_0670,11/24/2017,5,0.14388590838113016
1179,FMT_UNB_0091,11/24/2017,5,0.1034203061546537
1506,FMT_UNB_0660,11/25/2017,6,0.07919463305067675
1065,FMT_UNB_0670,11/25/2017,6,0.12353958803480983
896,FMT_POS_0190,11/25/2017,6,0.1031003071003071
750,FMT_POS_0060,11/25/2017,6,0.0710836457962863
1659,LS_SC_0240,11/25/2017,6,0.09998852998853
1180,FMT_UNB_0091,11/25/2017,6,0.08901165380482487
1316,FMT_UNB_0361,11/25/2017,6,0.1378877712122393
1573,FMT_UNB_0782,11/25/2017,6,0.07407527657527657
1118,FMT_PA_0770,11/26/2017,7,0.10500070978834074
1574,FMT_UNB_0782,11/26/2017,7,0.07407527657527657
1317,FMT_UNB_0361,11/26/2017,7,0.1378877712122393
1507,FMT_UNB_0660,11/26/2017,7,0.07712531764019179
751,FMT_POS_0060,11/26/2017,7,0.072793047505688
1660,LS_SC_0240,11/26/2017,7,0.09998852998853
1181,FMT_UNB_0091,11/26/2017,7,0.08817832047149156
897,FMT_POS_0190,11/26/2017,7,0.1031003071003071
1066,FMT_UNB_0670,11/26/2017,7,0.1228303681766538
1661,LS_SC_0240,11/27/2017,1,0.08633773633773635
1067,FMT_UNB_0670,11/27/2017,1,0.10156755080668124
898,FMT_POS_0190,11/27/2017,1,0.06907936927895753
1119,FMT_PA_0770,11/27/2017,1,0.5099539734956401
1318,FMT_UNB_0361,11/27/2017,1,0.07461362838323624
1508,FMT_UNB_0660,11/28/2017,2,0.05346866096866097
1662,LS_SC_0240,11/28/2017,2,0.08633773633773635
1068,FMT_UNB_0670,11/28/2017,2,0.10156755080668124
899,FMT_POS_0190,11/28/2017,2,0.07493555187074702
1319,FMT_UNB_0361,11/28/2017,2,0.07461362838323624
1182,FMT_UNB_0091,11/29/2017,3,0.057596224762891425
1663,LS_SC_0240,11/29/2017,3,0.08633773633773635
1320,FMT_UNB_0361,11/29/2017,3,0.09657130034090819
1069,FMT_UNB_0670,11/29/2017,3,0.11596407723982093
900,FMT_POS_0190,11/29/2017,3,0.081081854233068
1509,FMT_UNB_0660,11/29/2017,3,0.05346866096866097
607,FMT_POS_0320,11/29/2017,3,0.057122685397670146
1321,FMT_UNB_0361,11/30/2017,4,0.08406052281052281
1510,FMT_UNB_0660,11/30/2017,4,0.05346866096866097
1664,LS_SC_0240,11/30/2017,4,0.08633773633773635
1070,FMT_UNB_0670,11/30/2017,4,0.10641603565516608
901,FMT_POS_0190,11/30/2017,4,0.0788307036734456
1183,FMT_UNB_0091,11/30/2017,4,0.05349206349206349
97,FMT_POS_0180,12/01/2017,5,0.05257478852812205
247,FMT_POS_7210,12/01/2017,5,0.07336234976707362
424,FMT_PA_0850,12/01/2017,5,0.06203297870163861
668,FMT_POS_0340,12/01/2017,5,0.051336311538341325
389,FMT_POS_0310,12/01/2017,5,0.06755676575410052
219,FMT_POS_1570,12/01/2017,5,0.055751357249996074
154,FMT_POS_0150,12/01/2017,5,0.07765068603830105
264,FMT_PA_0790,12/01/2017,5,0.06694151640129736
1370,FMT_UNB_0381,12/01/2017,5,0.07690476190476189
1071,FMT_UNB_0670,12/01/2017,5,0.08418382100990796
302,FMT_PA_0851,12/01/2017,5,0.059522302993956375
1419,FMT_UNB_0441,12/01/2017,5,0.05055226722916063
509,FMT_PA_0710,12/01/2017,5,0.060648727687943375
608,FMT_POS_0320,12/01/2017,5,0.05296754396830674
1420,FMT_UNB_0441,12/02/2017,6,0.05055226722916063
155,FMT_POS_0150,12/02/2017,6,0.061592257072133234
545,FMT_POS_0100,12/02/2017,6,0.05867298120782669
1371,FMT_UNB_0381,12/02/2017,6,0.07690476190476189
1072,FMT_UNB_0670,12/02/2017,6,0.07825496725496725
752,FMT_POS_0060,12/02/2017,6,0.05071920492832096
449,FMT_POS_0070,12/02/2017,6,0.07372469419358474
20,FMT_PA_0780,12/02/2017,6,0.056470019500926075
184,FMT_PA_0930,12/02/2017,6,0.050644734344391096
66,FMT_POS_0290,12/02/2017,6,0.05445573459891224
486,FMT_PA_0854,12/03/2017,7,0.053071039801378186
21,FMT_PA_0780,12/03/2017,7,0.05083221713568097
1372,FMT_UNB_0381,12/03/2017,7,0.07690476190476189
1073,FMT_UNB_0670,12/03/2017,7,0.07825496725496725
1421,FMT_UNB_0441,12/03/2017,7,0.05055226722916063
1199,FMT_UNB_0090,12/04/2017,1,0.1022795414462081
1184,FMT_UNB_0091,12/04/2017,1,0.08903920153920154
1422,FMT_UNB_0441,12/04/2017,1,0.08942760942760943
1074,FMT_UNB_0670,12/04/2017,1,0.06172790172790174
1373,FMT_UNB_0381,12/04/2017,1,0.06071428571428571
1322,FMT_UNB_0361,12/04/2017,1,0.0916197900328335
1423,FMT_UNB_0441,12/05/2017,2,0.05884335870222967
1323,FMT_UNB_0361,12/05/2017,2,0.05274888775506848
645,FMT_POS_0080,12/09/2017,6,0.05640617609657858
682,FMT_PA_0750,12/09/2017,6,0.05026441181712335
327,FMT_POS_0130,12/09/2017,6,0.05670018523007741
185,FMT_PA_0930,12/09/2017,6,0.0522056619946483
98,FMT_POS_0180,12/09/2017,6,0.05863105431306282
156,FMT_POS_0150,12/09/2017,6,0.054700356498602117
609,FMT_POS_0320,12/09/2017,6,0.05346763662320938
99,FMT_POS_0180,12/10/2017,7,0.0601086851718189
328,FMT_POS_0130,12/10/2017,7,0.05797500770610268
157,FMT_POS_0150,12/10/2017,7,0.05518112572937135
610,FMT_POS_0320,12/10/2017,7,0.05194046009603284
646,FMT_POS_0080,12/10/2017,7,0.055659623144143265
280,FMT_POS_0270,12/11/2017,1,0.0524517453636465
669,FMT_POS_0340,12/11/2017,1,0.05643977522948016
902,FMT_POS_0190,12/11/2017,1,0.050139524448801785
1374,FMT_UNB_0381,12/12/2017,2,0.06601851851851853
1534,FMT_PA_0920,12/12/2017,2,0.15932336182336185
1424,FMT_UNB_0441,12/12/2017,2,0.1144071669071669
903,FMT_POS_0190,12/12/2017,2,0.12194535577144273
1211,FMT_UNB_0310,12/12/2017,2,0.16292328042328041
933,FMT_POS_190,12/12/2017,2,0.05822901635401635
942,report001,12/13/2017,3,0.059503151169817844
1425,FMT_UNB_0441,12/13/2017,3,0.06702572925531183
1535,FMT_PA_0920,12/13/2017,3,0.07494745994745994
1375,FMT_UNB_0381,12/13/2017,3,0.05107939490179016
1212,FMT_UNB_0310,12/13/2017,3,0.06926319750694249
904,FMT_POS_0190,12/13/2017,3,0.0936076026211519
546,FMT_POS_0100,12/15/2017,5,0.06747437770064614
67,FMT_POS_0290,12/15/2017,5,0.05004817519546168
487,FMT_PA_0854,12/15/2017,5,0.055924145954300224
220,FMT_POS_1570,12/15/2017,5,0.05378249091616069
611,FMT_POS_0320,12/16/2017,6,0.05272076725017902
158,FMT_POS_0150,12/16/2017,6,0.05042156324478979
753,FMT_POS_0060,12/16/2017,6,0.05468193851621975
488,FMT_PA_0854,12/16/2017,6,0.051671316388363565
547,FMT_POS_0100,12/16/2017,6,0.058862540024578476
647,FMT_POS_0080,12/16/2017,6,0.05032262752278905
754,FMT_POS_0060,12/17/2017,7,0.05013691556859732
905,FMT_POS_0190,12/17/2017,7,0.054800546657029194
612,FMT_POS_0320,12/17/2017,7,0.06414608267549443
425,FMT_PA_0850,12/17/2017,7,0.05111957168653087
159,FMT_POS_0150,12/17/2017,7,0.05552981530550365
354,FMT_POS_7220,12/18/2017,1,0.05265669426061092
1429,FMT_POS_7160,12/19/2017,2,0.05481631103983009
770,FMT_POS_1670,12/20/2017,3,0.05747716516172472
613,FMT_POS_0320,12/20/2017,3,0.05803764318063747
390,FMT_POS_0310,12/20/2017,3,0.050354291289469735
906,FMT_POS_0190,12/21/2017,4,0.09064225312612409
1324,FMT_UNB_0361,12/21/2017,4,0.08406052281052281
1075,FMT_UNB_0670,12/21/2017,4,0.12228206926313516
1665,LS_SC_0240,12/21/2017,4,0.10300440300440301
1511,FMT_UNB_0660,12/21/2017,4,0.061801994301994304
1185,FMT_UNB_0091,12/21/2017,4,0.0638095238095238
755,FMT_POS_0060,12/21/2017,4,0.05380398116178886
1666,LS_SC_0240,12/22/2017,5,0.09998852998853
1325,FMT_UNB_0361,12/22/2017,5,0.13976759351759352
907,FMT_POS_0190,12/22/2017,5,0.11496392496392495
1076,FMT_UNB_0670,12/22/2017,5,0.14603269017062118
756,FMT_POS_0060,12/22/2017,5,0.08349206349206349
1575,FMT_UNB_0782,12/22/2017,5,0.093519721019721
1512,FMT_UNB_0660,12/22/2017,5,0.09577955458390242
1186,FMT_UNB_0091,12/22/2017,5,0.11391330891330892
757,FMT_POS_0060,12/23/2017,6,0.09445370762006602
1513,FMT_UNB_0660,12/23/2017,6,0.07622441673929088
908,FMT_POS_0190,12/23/2017,6,0.1031003071003071
1187,FMT_UNB_0091,12/23/2017,6,0.0842143352841021
1326,FMT_UNB_0361,12/23/2017,6,0.1375331612831613
1077,FMT_UNB_0670,12/23/2017,6,0.1264489960869271
1576,FMT_UNB_0782,12/23/2017,6,0.07407527657527657
1667,LS_SC_0240,12/23/2017,6,0.09998852998853
1668,LS_SC_0240,12/24/2017,7,0.09998852998853
758,FMT_POS_0060,12/24/2017,7,0.0710836457962863
1078,FMT_UNB_0670,12/24/2017,7,0.12353958803480983
1327,FMT_UNB_0361,12/24/2017,7,0.1378877712122393
1188,FMT_UNB_0091,12/24/2017,7,0.08901165380482487
909,FMT_POS_0190,12/24/2017,7,0.1031003071003071
1577,FMT_UNB_0782,12/24/2017,7,0.07407527657527657
1514,FMT_UNB_0660,12/24/2017,7,0.07919463305067675
1079,FMT_UNB_0670,12/25/2017,1,0.10227677066483727
1669,LS_SC_0240,12/25/2017,1,0.08633773633773635
1515,FMT_UNB_0660,12/25/2017,1,0.052735173576343136
910,FMT_POS_0190,12/25/2017,1,0.06907936927895753
1120,FMT_PA_0770,12/25/2017,1,0.3799680712400011
1328,FMT_UNB_0361,12/25/2017,1,0.07496823831231425
1329,FMT_UNB_0361,12/26/2017,2,0.07496823831231425
1670,LS_SC_0240,12/26/2017,2,0.08633773633773635
1080,FMT_UNB_0670,12/26/2017,2,0.10156755080668124
1516,FMT_UNB_0660,12/26/2017,2,0.05436956186956187
911,FMT_POS_0190,12/26/2017,2,0.07943948217773764
1121,FMT_PA_0770,12/26/2017,2,0.1016066589237321
1122,FMT_PA_0770,12/27/2017,3,0.1
1081,FMT_UNB_0670,12/27/2017,3,0.10989092334058007
912,FMT_POS_0190,12/27/2017,3,0.08558181368748664
1330,FMT_UNB_0361,12/27/2017,3,0.09657130034090819
1517,FMT_UNB_0660,12/27/2017,3,0.05346866096866097
614,FMT_POS_0320,12/27/2017,3,0.050182322769808246
1671,LS_SC_0240,12/27/2017,3,0.08633773633773635
1672,LS_SC_0240,12/28/2017,4,0.08633773633773635
1082,FMT_UNB_0670,12/28/2017,4,0.11248134367293589
1331,FMT_UNB_0361,12/28/2017,4,0.08406052281052281
1189,FMT_UNB_0091,12/28/2017,4,0.06124338624338624
913,FMT_POS_0190,12/28/2017,4,0.0818659791127811
1518,FMT_UNB_0660,12/28/2017,4,0.05346866096866097
1083,FMT_UNB_0670,12/29/2017,5,0.1367978404207218
914,FMT_POS_0190,12/29/2017,5,0.1034336952351658
1519,FMT_UNB_0660,12/29/2017,5,0.07720122470122469
1190,FMT_UNB_0091,12/29/2017,5,0.096513468013468
1673,LS_SC_0240,12/29/2017,5,0.09998852998853
1332,FMT_UNB_0361,12/29/2017,5,0.1364342601842602
1578,FMT_UNB_0782,12/29/2017,5,0.08796416546416545
915,FMT_POS_0190,12/30/2017,6,0.09564613393147546
1579,FMT_UNB_0782,12/30/2017,6,0.07407527657527657
1674,LS_SC_0240,12/30/2017,6,0.09998852998853
1191,FMT_UNB_0091,12/30/2017,6,0.07656084656084655
759,FMT_POS_0060,12/30/2017,6,0.056825086112932646
1333,FMT_UNB_0361,12/30/2017,6,0.1364342601842602
1520,FMT_UNB_0660,12/30/2017,6,0.07275678025678026
1084,FMT_UNB_0670,12/30/2017,6,0.11371443371443372
1085,FMT_UNB_0670,12/31/2017,7,0.11371443371443372
1580,FMT_UNB_0782,12/31/2017,7,0.07407527657527657
1192,FMT_UNB_0091,12/31/2017,7,0.07656084656084655
916,FMT_POS_0190,12/31/2017,7,0.08728308124249755
760,FMT_POS_0060,12/31/2017,7,0.06853643032427685
648,FMT_POS_0080,12/31/2017,7,0.06580724525436751
1334,FMT_UNB_0361,12/31/2017,7,0.1364342601842602
1521,FMT_UNB_0660,12/31/2017,7,0.07275678025678026
1675,LS_SC_0240,12/31/2017,7,0.09998852998853
