,username,doc,query_date_year,query_date_month,query_date_day,query_date_weekday
94,mPOS,FMT_POS_0070,2017,2,8,3
95,mPOS,FMT_POS_0080,2017,2,8,3
96,mPOS,FMT_POS_0090,2017,2,8,3
97,mPOS,ODS_POS_0060,2017,2,8,3
98,mPOS,FMT_POS_0310,2017,2,8,3
99,mPOS,FMT_POS_0100,2017,2,8,3
100,mPOS,FMT_POS_0110,2017,2,8,3
101,mPOS,FMT_POS_0340,2017,2,8,3
102,mPOS,FMT_POS_0130,2017,2,8,3
103,mPOS,FMT_POS_0470,2017,2,8,3
104,mPOS,FMT_POS_0150,2017,2,8,3
105,mPOS,FMT_POS_0360,2017,2,8,3
106,mPOS,FMT_POS_0180,2017,2,8,3
107,mPOS,FMT_POS_0270,2017,2,8,3
108,mPOS,FMT_POS_0290,2017,2,8,3
109,mPOS,FMT_POS_0320,2017,2,8,3
110,mPOS,FMT_POS_1570,2017,2,8,3
111,mPOS,FMT_POS_7210,2017,2,8,3
112,mPOS,FMT_POS_7220,2017,2,8,3
113,mPOS,FMT_POS_7230,2017,2,8,3
114,mPOS,ODS_POS_1670,2017,2,8,3
115,mPOS,ODS_POS_7160,2017,2,8,3
116,mPOS,FMT_PA_0850,2017,2,8,3
117,mPOS,FMT_PA_0851,2017,2,8,3
118,mPOS,FMT_PA_0852,2017,2,8,3
119,mPOS,FMT_PA_0853,2017,2,8,3
120,mPOS,FMT_PA_0854,2017,2,8,3
121,mPOS,FMT_PA_0855,2017,2,8,3
122,mPOS,FMT_PA_0930,2017,2,8,3
123,mPOS,FMT_PA_0750,2017,2,8,3
124,mPOS,FMT_PA_0780,2017,2,8,3
125,mPOS,FMT_PA_0790,2017,2,8,3
126,mPOS,FMT_PA_0710,2017,2,8,3
171,mPOS,FMT_CLM_0010,2017,2,8,3
5843,mPOS,FMT_POS_190,2017,2,8,3
6960,mPOS,04618077b3f340bdaa594a00d9fcf982,2017,2,8,3
6961,mPOS,fe133324f7e849f8b0310f44376f5de8,2017,2,8,3
252,mPOS,FMT_POS_190,2017,2,9,4
460,mPOS,FMT_CLM_0010,2017,2,9,4
475,mPOS,FMT_POS_0070,2017,2,9,4
476,mPOS,FMT_POS_0080,2017,2,9,4
477,mPOS,FMT_POS_0090,2017,2,9,4
478,mPOS,ODS_POS_0060,2017,2,9,4
479,mPOS,FMT_POS_0310,2017,2,9,4
480,mPOS,FMT_POS_0100,2017,2,9,4
481,mPOS,FMT_POS_0110,2017,2,9,4
482,mPOS,FMT_POS_0340,2017,2,9,4
483,mPOS,FMT_POS_0130,2017,2,9,4
484,mPOS,FMT_POS_0470,2017,2,9,4
485,mPOS,FMT_POS_0150,2017,2,9,4
486,mPOS,FMT_POS_0360,2017,2,9,4
487,mPOS,FMT_POS_0180,2017,2,9,4
488,mPOS,FMT_POS_0270,2017,2,9,4
489,mPOS,FMT_POS_0290,2017,2,9,4
490,mPOS,FMT_POS_0320,2017,2,9,4
491,mPOS,FMT_POS_1570,2017,2,9,4
492,mPOS,FMT_POS_7210,2017,2,9,4
493,mPOS,FMT_POS_7220,2017,2,9,4
494,mPOS,FMT_POS_7230,2017,2,9,4
495,mPOS,ODS_POS_1670,2017,2,9,4
496,mPOS,ODS_POS_7160,2017,2,9,4
497,mPOS,FMT_PA_0850,2017,2,9,4
498,mPOS,FMT_PA_0851,2017,2,9,4
499,mPOS,FMT_PA_0852,2017,2,9,4
500,mPOS,FMT_PA_0853,2017,2,9,4
501,mPOS,FMT_PA_0854,2017,2,9,4
502,mPOS,FMT_PA_0855,2017,2,9,4
503,mPOS,FMT_PA_0930,2017,2,9,4
504,mPOS,FMT_PA_0750,2017,2,9,4
505,mPOS,FMT_PA_0780,2017,2,9,4
506,mPOS,FMT_PA_0790,2017,2,9,4
507,mPOS,FMT_PA_0710,2017,2,9,4
7065,mPOS,FMT_CLM_0020,2017,2,9,4
20,mPOS,FMT_POS_0070,2017,2,10,5
21,mPOS,FMT_POS_0080,2017,2,10,5
22,mPOS,FMT_POS_0090,2017,2,10,5
23,mPOS,ODS_POS_0060,2017,2,10,5
24,mPOS,FMT_POS_0310,2017,2,10,5
25,mPOS,FMT_POS_0100,2017,2,10,5
26,mPOS,FMT_POS_0110,2017,2,10,5
27,mPOS,FMT_POS_0340,2017,2,10,5
28,mPOS,FMT_POS_0130,2017,2,10,5
29,mPOS,FMT_POS_0470,2017,2,10,5
30,mPOS,FMT_POS_0150,2017,2,10,5
31,mPOS,FMT_POS_0360,2017,2,10,5
32,mPOS,FMT_POS_0180,2017,2,10,5
33,mPOS,FMT_POS_0270,2017,2,10,5
34,mPOS,FMT_POS_0290,2017,2,10,5
35,mPOS,FMT_POS_0320,2017,2,10,5
36,mPOS,FMT_POS_1570,2017,2,10,5
37,mPOS,FMT_POS_7210,2017,2,10,5
38,mPOS,FMT_POS_7220,2017,2,10,5
39,mPOS,FMT_POS_7230,2017,2,10,5
40,mPOS,ODS_POS_1670,2017,2,10,5
41,mPOS,ODS_POS_7160,2017,2,10,5
42,mPOS,FMT_PA_0850,2017,2,10,5
43,mPOS,FMT_PA_0851,2017,2,10,5
44,mPOS,FMT_PA_0852,2017,2,10,5
45,mPOS,FMT_PA_0853,2017,2,10,5
46,mPOS,FMT_PA_0854,2017,2,10,5
47,mPOS,FMT_PA_0855,2017,2,10,5
48,mPOS,FMT_PA_0930,2017,2,10,5
49,mPOS,FMT_PA_0750,2017,2,10,5
50,mPOS,FMT_PA_0780,2017,2,10,5
51,mPOS,FMT_PA_0790,2017,2,10,5
52,mPOS,FMT_PA_0710,2017,2,10,5
228,mPOS,FMT_CLM_0020,2017,2,10,5
453,mPOS,FMT_CLM_0010,2017,2,10,5
877,mPOS,FMT_POS_190,2017,2,10,5
5745,mPOS,ODS_UNB_0090,2017,2,10,5
5746,mPOS,FMT_UNB_0090,2017,2,10,5
1377,mPOS,FMT_POS_190,2017,2,13,1
1378,mPOS,FMT_POS_0070,2017,2,13,1
1379,mPOS,FMT_POS_0080,2017,2,13,1
1380,mPOS,FMT_POS_0090,2017,2,13,1
1381,mPOS,ODS_POS_0060,2017,2,13,1
1382,mPOS,FMT_POS_0310,2017,2,13,1
1383,mPOS,FMT_POS_0100,2017,2,13,1
1384,mPOS,FMT_POS_0110,2017,2,13,1
1385,mPOS,FMT_POS_0340,2017,2,13,1
1386,mPOS,FMT_POS_0130,2017,2,13,1
1387,mPOS,FMT_POS_0470,2017,2,13,1
1388,mPOS,FMT_POS_0150,2017,2,13,1
1389,mPOS,FMT_POS_0360,2017,2,13,1
1390,mPOS,FMT_POS_0180,2017,2,13,1
1391,mPOS,FMT_POS_0270,2017,2,13,1
1392,mPOS,FMT_POS_0290,2017,2,13,1
1393,mPOS,FMT_POS_0320,2017,2,13,1
1394,mPOS,FMT_POS_1570,2017,2,13,1
1395,mPOS,FMT_POS_7210,2017,2,13,1
1396,mPOS,FMT_POS_7220,2017,2,13,1
1397,mPOS,FMT_POS_7230,2017,2,13,1
1398,mPOS,ODS_POS_1670,2017,2,13,1
1399,mPOS,ODS_POS_7160,2017,2,13,1
1400,mPOS,FMT_PA_0850,2017,2,13,1
1401,mPOS,FMT_PA_0851,2017,2,13,1
1402,mPOS,FMT_PA_0852,2017,2,13,1
1403,mPOS,FMT_PA_0853,2017,2,13,1
1404,mPOS,FMT_PA_0854,2017,2,13,1
1405,mPOS,FMT_PA_0855,2017,2,13,1
1406,mPOS,FMT_PA_0930,2017,2,13,1
1407,mPOS,FMT_PA_0750,2017,2,13,1
1408,mPOS,FMT_PA_0780,2017,2,13,1
1409,mPOS,FMT_PA_0790,2017,2,13,1
1410,mPOS,FMT_PA_0710,2017,2,13,1
5325,mPOS,FMT_UNB_0090,2017,2,13,1
6791,mPOS,FMT_CLM_0020,2017,2,13,1
6970,mPOS,FMT_CLM_0010,2017,2,13,1
270,mPOS,FMT_POS_0070,2017,2,14,2
271,mPOS,FMT_POS_0080,2017,2,14,2
272,mPOS,FMT_POS_0090,2017,2,14,2
273,mPOS,ODS_POS_0060,2017,2,14,2
274,mPOS,FMT_POS_0310,2017,2,14,2
275,mPOS,FMT_POS_0100,2017,2,14,2
276,mPOS,FMT_POS_0110,2017,2,14,2
277,mPOS,FMT_POS_0340,2017,2,14,2
278,mPOS,FMT_POS_0130,2017,2,14,2
279,mPOS,FMT_POS_0470,2017,2,14,2
280,mPOS,FMT_POS_0150,2017,2,14,2
281,mPOS,FMT_POS_0360,2017,2,14,2
282,mPOS,FMT_POS_0180,2017,2,14,2
283,mPOS,FMT_POS_0270,2017,2,14,2
284,mPOS,FMT_POS_0290,2017,2,14,2
285,mPOS,FMT_POS_0320,2017,2,14,2
286,mPOS,FMT_POS_1570,2017,2,14,2
287,mPOS,FMT_POS_7210,2017,2,14,2
288,mPOS,FMT_POS_7220,2017,2,14,2
289,mPOS,FMT_POS_7230,2017,2,14,2
290,mPOS,ODS_POS_1670,2017,2,14,2
291,mPOS,ODS_POS_7160,2017,2,14,2
292,mPOS,FMT_PA_0850,2017,2,14,2
293,mPOS,FMT_PA_0851,2017,2,14,2
294,mPOS,FMT_PA_0852,2017,2,14,2
295,mPOS,FMT_PA_0853,2017,2,14,2
296,mPOS,FMT_PA_0854,2017,2,14,2
297,mPOS,FMT_PA_0855,2017,2,14,2
298,mPOS,FMT_PA_0930,2017,2,14,2
299,mPOS,FMT_PA_0750,2017,2,14,2
300,mPOS,FMT_PA_0780,2017,2,14,2
301,mPOS,FMT_PA_0790,2017,2,14,2
302,mPOS,FMT_PA_0710,2017,2,14,2
303,mPOS,FMT_POS_190,2017,2,14,2
561,mPOS,FMT_CLM_0010,2017,2,14,2
1160,mPOS,FMT_CLM_0020,2017,2,14,2
1475,mPOS,FMT_UNB_0781,2017,2,15,3
1693,mPOS,FMT_UNB_0782,2017,2,15,3
1701,mPOS,FMT_UNB_0372,2017,2,15,3
1718,mPOS,FMT_POS_0070,2017,2,15,3
1719,mPOS,FMT_POS_0080,2017,2,15,3
1720,mPOS,FMT_POS_0090,2017,2,15,3
1721,mPOS,ODS_POS_0060,2017,2,15,3
1722,mPOS,FMT_POS_0310,2017,2,15,3
1723,mPOS,FMT_POS_0100,2017,2,15,3
1724,mPOS,FMT_POS_0110,2017,2,15,3
1725,mPOS,FMT_POS_0340,2017,2,15,3
1726,mPOS,FMT_POS_0130,2017,2,15,3
1727,mPOS,FMT_POS_0470,2017,2,15,3
1728,mPOS,FMT_POS_0150,2017,2,15,3
1729,mPOS,FMT_POS_0360,2017,2,15,3
1730,mPOS,FMT_POS_0180,2017,2,15,3
1731,mPOS,FMT_POS_0270,2017,2,15,3
1732,mPOS,FMT_POS_0290,2017,2,15,3
1733,mPOS,FMT_POS_0320,2017,2,15,3
1734,mPOS,FMT_POS_1570,2017,2,15,3
1735,mPOS,FMT_POS_7210,2017,2,15,3
1736,mPOS,FMT_POS_7220,2017,2,15,3
1737,mPOS,FMT_POS_7230,2017,2,15,3
1738,mPOS,ODS_POS_1670,2017,2,15,3
1739,mPOS,ODS_POS_7160,2017,2,15,3
1740,mPOS,FMT_PA_0850,2017,2,15,3
1741,mPOS,FMT_PA_0851,2017,2,15,3
1742,mPOS,FMT_PA_0852,2017,2,15,3
1743,mPOS,FMT_PA_0853,2017,2,15,3
1744,mPOS,FMT_PA_0854,2017,2,15,3
1745,mPOS,FMT_PA_0855,2017,2,15,3
1746,mPOS,FMT_PA_0930,2017,2,15,3
1747,mPOS,FMT_PA_0750,2017,2,15,3
1748,mPOS,FMT_PA_0780,2017,2,15,3
1749,mPOS,FMT_PA_0790,2017,2,15,3
1750,mPOS,FMT_PA_0710,2017,2,15,3
1751,mPOS,FMT_CLM_0020,2017,2,15,3
5511,mPOS,FMT_POS_190,2017,2,15,3
160,mPOS,FMT_POS_0360,2017,2,16,4
1842,mPOS,FMT_UNB_0782,2017,2,16,4
1851,mPOS,FMT_POS_0070,2017,2,16,4
1852,mPOS,FMT_POS_0080,2017,2,16,4
1853,mPOS,FMT_POS_0090,2017,2,16,4
1854,mPOS,ODS_POS_0060,2017,2,16,4
1855,mPOS,FMT_POS_0310,2017,2,16,4
1856,mPOS,FMT_POS_0100,2017,2,16,4
1857,mPOS,FMT_POS_0110,2017,2,16,4
1858,mPOS,FMT_POS_0340,2017,2,16,4
1859,mPOS,FMT_POS_0130,2017,2,16,4
1860,mPOS,FMT_POS_0470,2017,2,16,4
1861,mPOS,FMT_POS_0150,2017,2,16,4
1863,mPOS,FMT_POS_0180,2017,2,16,4
1864,mPOS,FMT_POS_0270,2017,2,16,4
1865,mPOS,FMT_POS_0290,2017,2,16,4
1866,mPOS,FMT_POS_0320,2017,2,16,4
1867,mPOS,FMT_POS_1570,2017,2,16,4
1868,mPOS,FMT_POS_7210,2017,2,16,4
1869,mPOS,FMT_POS_7220,2017,2,16,4
1870,mPOS,FMT_POS_7230,2017,2,16,4
1871,mPOS,ODS_POS_1670,2017,2,16,4
1872,mPOS,ODS_POS_7160,2017,2,16,4
1873,mPOS,FMT_PA_0850,2017,2,16,4
1874,mPOS,FMT_PA_0851,2017,2,16,4
1875,mPOS,FMT_PA_0852,2017,2,16,4
1876,mPOS,FMT_PA_0853,2017,2,16,4
1877,mPOS,FMT_PA_0854,2017,2,16,4
1878,mPOS,FMT_PA_0855,2017,2,16,4
1879,mPOS,FMT_PA_0930,2017,2,16,4
1880,mPOS,FMT_PA_0750,2017,2,16,4
1881,mPOS,FMT_PA_0780,2017,2,16,4
1882,mPOS,FMT_PA_0790,2017,2,16,4
1883,mPOS,FMT_PA_0710,2017,2,16,4
2201,mPOS,FMT_POS_190,2017,2,16,4
2266,mPOS,FMT_UNB_0372,2017,2,16,4
2639,mPOS,FMT_CLM_0010,2017,2,16,4
2694,mPOS,FMT_POS_0160,2017,2,16,4
1763,mPOS,FMT_POS_0070,2017,2,17,5
1764,mPOS,FMT_POS_0080,2017,2,17,5
1765,mPOS,FMT_POS_0090,2017,2,17,5
1766,mPOS,FMT_POS_0310,2017,2,17,5
1767,mPOS,FMT_POS_0100,2017,2,17,5
1768,mPOS,FMT_POS_0110,2017,2,17,5
1769,mPOS,FMT_POS_0340,2017,2,17,5
1770,mPOS,FMT_POS_0130,2017,2,17,5
1771,mPOS,FMT_POS_0470,2017,2,17,5
1772,mPOS,FMT_POS_0150,2017,2,17,5
1773,mPOS,FMT_POS_0360,2017,2,17,5
1774,mPOS,FMT_POS_0180,2017,2,17,5
1775,mPOS,FMT_POS_0270,2017,2,17,5
1776,mPOS,FMT_POS_0290,2017,2,17,5
1777,mPOS,FMT_POS_0320,2017,2,17,5
1778,mPOS,FMT_POS_1570,2017,2,17,5
1779,mPOS,FMT_POS_7210,2017,2,17,5
1780,mPOS,FMT_POS_7220,2017,2,17,5
1781,mPOS,FMT_POS_7230,2017,2,17,5
1782,mPOS,ODS_POS_1670,2017,2,17,5
1783,mPOS,ODS_POS_7160,2017,2,17,5
1784,mPOS,FMT_PA_0850,2017,2,17,5
1785,mPOS,FMT_PA_0851,2017,2,17,5
1786,mPOS,FMT_PA_0852,2017,2,17,5
1787,mPOS,FMT_PA_0853,2017,2,17,5
1788,mPOS,FMT_PA_0854,2017,2,17,5
1789,mPOS,FMT_PA_0855,2017,2,17,5
1790,mPOS,FMT_PA_0930,2017,2,17,5
1791,mPOS,FMT_PA_0750,2017,2,17,5
1792,mPOS,FMT_PA_0780,2017,2,17,5
1793,mPOS,FMT_PA_0790,2017,2,17,5
1794,mPOS,FMT_PA_0710,2017,2,17,5
1929,mPOS,ODS_POS_0060,2017,2,17,5
2146,mPOS,null{,2017,2,17,5
2929,mPOS,FMT_POS_0070,2017,2,18,6
2930,mPOS,FMT_POS_0080,2017,2,18,6
2931,mPOS,FMT_POS_0090,2017,2,18,6
2932,mPOS,ODS_POS_0060,2017,2,18,6
2933,mPOS,FMT_POS_0310,2017,2,18,6
2934,mPOS,FMT_POS_0100,2017,2,18,6
2935,mPOS,FMT_POS_0110,2017,2,18,6
2936,mPOS,FMT_POS_0340,2017,2,18,6
2937,mPOS,FMT_POS_0130,2017,2,18,6
2938,mPOS,FMT_POS_0470,2017,2,18,6
2939,mPOS,FMT_POS_0150,2017,2,18,6
2940,mPOS,FMT_POS_0360,2017,2,18,6
2941,mPOS,FMT_POS_0180,2017,2,18,6
2942,mPOS,FMT_POS_0270,2017,2,18,6
2943,mPOS,FMT_POS_0290,2017,2,18,6
2944,mPOS,FMT_POS_0320,2017,2,18,6
2945,mPOS,FMT_POS_1570,2017,2,18,6
2946,mPOS,FMT_POS_7210,2017,2,18,6
2947,mPOS,FMT_POS_7220,2017,2,18,6
2948,mPOS,FMT_POS_7230,2017,2,18,6
2949,mPOS,ODS_POS_1670,2017,2,18,6
2950,mPOS,ODS_POS_7160,2017,2,18,6
2951,mPOS,FMT_PA_0850,2017,2,18,6
2952,mPOS,FMT_PA_0851,2017,2,18,6
2953,mPOS,FMT_PA_0852,2017,2,18,6
2954,mPOS,FMT_PA_0853,2017,2,18,6
2955,mPOS,FMT_PA_0854,2017,2,18,6
2956,mPOS,FMT_PA_0855,2017,2,18,6
2957,mPOS,FMT_PA_0930,2017,2,18,6
2958,mPOS,FMT_PA_0750,2017,2,18,6
2959,mPOS,FMT_PA_0780,2017,2,18,6
2960,mPOS,FMT_PA_0790,2017,2,18,6
2961,mPOS,FMT_PA_0710,2017,2,18,6
3757,mPOS,FMT_POS_190,2017,2,18,6
3667,mPOS,FMT_POS_0070,2017,2,20,1
3668,mPOS,FMT_POS_0080,2017,2,20,1
3669,mPOS,FMT_POS_0090,2017,2,20,1
3670,mPOS,ODS_POS_0060,2017,2,20,1
3671,mPOS,FMT_POS_0310,2017,2,20,1
3672,mPOS,FMT_POS_0100,2017,2,20,1
3673,mPOS,FMT_POS_0110,2017,2,20,1
3674,mPOS,FMT_POS_0340,2017,2,20,1
3675,mPOS,FMT_POS_0130,2017,2,20,1
3676,mPOS,FMT_POS_0470,2017,2,20,1
3677,mPOS,FMT_POS_0150,2017,2,20,1
3678,mPOS,FMT_POS_0360,2017,2,20,1
3679,mPOS,FMT_POS_0180,2017,2,20,1
3680,mPOS,FMT_POS_0270,2017,2,20,1
3681,mPOS,FMT_POS_0290,2017,2,20,1
3682,mPOS,FMT_POS_0320,2017,2,20,1
3683,mPOS,FMT_POS_1570,2017,2,20,1
3684,mPOS,FMT_POS_7210,2017,2,20,1
3685,mPOS,FMT_POS_7220,2017,2,20,1
3686,mPOS,FMT_POS_7230,2017,2,20,1
3687,mPOS,ODS_POS_1670,2017,2,20,1
3688,mPOS,ODS_POS_7160,2017,2,20,1
3689,mPOS,FMT_PA_0850,2017,2,20,1
3690,mPOS,FMT_PA_0851,2017,2,20,1
3691,mPOS,FMT_PA_0852,2017,2,20,1
3692,mPOS,FMT_PA_0853,2017,2,20,1
3693,mPOS,FMT_PA_0854,2017,2,20,1
3694,mPOS,FMT_PA_0855,2017,2,20,1
3695,mPOS,FMT_PA_0930,2017,2,20,1
3696,mPOS,FMT_PA_0750,2017,2,20,1
3697,mPOS,FMT_PA_0780,2017,2,20,1
3698,mPOS,FMT_PA_0790,2017,2,20,1
3699,mPOS,FMT_PA_0710,2017,2,20,1
3800,mPOS,FMT_CLM_0020,2017,2,20,1
3935,mPOS,FMT_POS_0070,2017,2,21,2
3936,mPOS,FMT_POS_0080,2017,2,21,2
3937,mPOS,FMT_POS_0090,2017,2,21,2
3938,mPOS,ODS_POS_0060,2017,2,21,2
3939,mPOS,FMT_POS_0310,2017,2,21,2
3940,mPOS,FMT_POS_0100,2017,2,21,2
3941,mPOS,FMT_POS_0110,2017,2,21,2
3942,mPOS,FMT_POS_0340,2017,2,21,2
3943,mPOS,FMT_POS_0130,2017,2,21,2
3944,mPOS,FMT_POS_0470,2017,2,21,2
3945,mPOS,FMT_POS_0150,2017,2,21,2
3946,mPOS,FMT_POS_0360,2017,2,21,2
3947,mPOS,FMT_POS_0180,2017,2,21,2
3948,mPOS,FMT_POS_0270,2017,2,21,2
3949,mPOS,FMT_POS_0290,2017,2,21,2
3950,mPOS,FMT_POS_0320,2017,2,21,2
3951,mPOS,FMT_POS_1570,2017,2,21,2
3952,mPOS,FMT_POS_7210,2017,2,21,2
3953,mPOS,FMT_POS_7220,2017,2,21,2
3954,mPOS,FMT_POS_7230,2017,2,21,2
3955,mPOS,ODS_POS_1670,2017,2,21,2
3956,mPOS,ODS_POS_7160,2017,2,21,2
3957,mPOS,FMT_PA_0850,2017,2,21,2
3958,mPOS,FMT_PA_0851,2017,2,21,2
3959,mPOS,FMT_PA_0852,2017,2,21,2
3960,mPOS,FMT_PA_0853,2017,2,21,2
3961,mPOS,FMT_PA_0854,2017,2,21,2
3962,mPOS,FMT_PA_0855,2017,2,21,2
3963,mPOS,FMT_PA_0930,2017,2,21,2
3964,mPOS,FMT_PA_0750,2017,2,21,2
3965,mPOS,FMT_PA_0780,2017,2,21,2
3966,mPOS,FMT_PA_0790,2017,2,21,2
3967,mPOS,FMT_PA_0710,2017,2,21,2
3984,mPOS,FMT_POS_190,2017,2,22,3
6009,mPOS,FMT_CLM_0010,2017,2,22,3
6012,mPOS,FMT_POS_0070,2017,2,22,3
6013,mPOS,FMT_POS_0080,2017,2,22,3
6014,mPOS,FMT_POS_0090,2017,2,22,3
6015,mPOS,FMT_POS_0310,2017,2,22,3
6016,mPOS,FMT_POS_0100,2017,2,22,3
6017,mPOS,FMT_POS_0110,2017,2,22,3
6018,mPOS,FMT_POS_0340,2017,2,22,3
6019,mPOS,FMT_POS_0130,2017,2,22,3
6020,mPOS,FMT_POS_0470,2017,2,22,3
6021,mPOS,FMT_POS_0150,2017,2,22,3
6022,mPOS,FMT_POS_0360,2017,2,22,3
6023,mPOS,FMT_POS_0180,2017,2,22,3
6024,mPOS,FMT_POS_0270,2017,2,22,3
6025,mPOS,FMT_POS_0290,2017,2,22,3
6026,mPOS,FMT_POS_0320,2017,2,22,3
6027,mPOS,FMT_POS_1570,2017,2,22,3
6028,mPOS,FMT_POS_7210,2017,2,22,3
6029,mPOS,FMT_POS_7220,2017,2,22,3
6030,mPOS,FMT_POS_7230,2017,2,22,3
6031,mPOS,FMT_PA_0850,2017,2,22,3
6032,mPOS,FMT_PA_0851,2017,2,22,3
6033,mPOS,FMT_PA_0852,2017,2,22,3
6034,mPOS,FMT_PA_0853,2017,2,22,3
6035,mPOS,FMT_PA_0854,2017,2,22,3
6036,mPOS,FMT_PA_0855,2017,2,22,3
6037,mPOS,FMT_PA_0930,2017,2,22,3
6038,mPOS,FMT_PA_0750,2017,2,22,3
6039,mPOS,FMT_PA_0780,2017,2,22,3
6040,mPOS,FMT_PA_0790,2017,2,22,3
6041,mPOS,FMT_PA_0710,2017,2,22,3
6043,mPOS,FMT_POS_0020,2017,2,22,3
4223,mPOS,LS_SC_1020,2017,2,24,5
4372,mPOS,LS_SC_1460,2017,2,24,5
6673,mPOS,LS_SC_0240,2017,2,24,5
6674,mPOS,LS_SC_0340,2017,2,24,5
6675,mPOS,LS_SC_0510,2017,2,24,5
6676,mPOS,LS_SC_1010,2017,2,24,5
6678,mPOS,LS_SC_1310,2017,2,24,5
6679,mPOS,LS_SC_5600,2017,2,24,5
6680,mPOS,LS_SC_5650,2017,2,24,5
6681,mPOS,LS_SC_5670,2017,2,24,5
6682,mPOS,FMT_FIN_1360,2017,2,24,5
6690,mPOS,LS_SC_1300,2017,2,24,5
6691,mPOS,LS_SC_1400,2017,2,24,5
6693,mPOS,LS_SC_1470,2017,2,24,5
6694,mPOS,LS_SC_1480,2017,2,24,5
6695,mPOS,LS_SC_5470,2017,2,24,5
6696,mPOS,LS_SC_5530,2017,2,24,5
6697,mPOS,LS_SC_5540,2017,2,24,5
6698,mPOS,LS_SC_5550,2017,2,24,5
6699,mPOS,LS_SC_5560,2017,2,24,5
6700,mPOS,LS_SC_5580,2017,2,24,5
6701,mPOS,LS_SC_5590,2017,2,24,5
6702,mPOS,LS_SC_5610,2017,2,24,5
6703,mPOS, LS_SC_0240,2017,2,24,5
6710,mPOS,LS_SC_3020,2017,2,24,5
6711,mPOS,LS_SC_3030,2017,2,24,5
6712,mPOS,LS_SC_3070,2017,2,24,5
6713,mPOS,LS_SC_3170,2017,2,24,5
6714,mPOS,LS_SC_3180,2017,2,24,5
6715,mPOS,LS_SC_3190,2017,2,24,5
6716,mPOS,LS_SC_3220,2017,2,24,5
6717,mPOS,LS_SC_3270,2017,2,24,5
6718,mPOS,LS_SC_3410,2017,2,24,5
6719,mPOS,LS_SC_3430,2017,2,24,5
6720,mPOS,LS_SC_3460,2017,2,24,5
6721,mPOS,LS_SC_3490,2017,2,24,5
6722,mPOS,LS_SC_3510,2017,2,24,5
6723,mPOS,LS_SC_3530,2017,2,24,5
6724,mPOS,LS_SC_3560,2017,2,24,5
6725,mPOS,LS_SC_3580,2017,2,24,5
4401,mPOS,FMT_POS_190,2017,3,1,3
7318,mPOS,FMT_POS_0070,2017,3,1,3
7319,mPOS,FMT_POS_0080,2017,3,1,3
7320,mPOS,FMT_POS_0090,2017,3,1,3
7321,mPOS,FMT_POS_0310,2017,3,1,3
7322,mPOS,FMT_POS_0100,2017,3,1,3
7323,mPOS,FMT_POS_0110,2017,3,1,3
7324,mPOS,FMT_POS_0340,2017,3,1,3
7325,mPOS,FMT_POS_0130,2017,3,1,3
7326,mPOS,FMT_POS_0470,2017,3,1,3
7327,mPOS,FMT_POS_0150,2017,3,1,3
7328,mPOS,FMT_POS_0360,2017,3,1,3
7329,mPOS,FMT_POS_0180,2017,3,1,3
7330,mPOS,FMT_POS_0270,2017,3,1,3
7331,mPOS,FMT_POS_0290,2017,3,1,3
7332,mPOS,FMT_POS_0320,2017,3,1,3
7333,mPOS,FMT_POS_1570,2017,3,1,3
7334,mPOS,FMT_POS_7210,2017,3,1,3
7335,mPOS,FMT_POS_7220,2017,3,1,3
7336,mPOS,FMT_POS_7230,2017,3,1,3
7337,mPOS,FMT_PA_0850,2017,3,1,3
7338,mPOS,FMT_PA_0851,2017,3,1,3
7339,mPOS,FMT_PA_0852,2017,3,1,3
7340,mPOS,FMT_PA_0853,2017,3,1,3
7341,mPOS,FMT_PA_0854,2017,3,1,3
7342,mPOS,FMT_PA_0855,2017,3,1,3
7343,mPOS,FMT_PA_0930,2017,3,1,3
7344,mPOS,FMT_PA_0750,2017,3,1,3
7345,mPOS,FMT_PA_0780,2017,3,1,3
7346,mPOS,FMT_PA_0790,2017,3,1,3
7347,mPOS,FMT_PA_0710,2017,3,1,3
7380,mPOS,FMT_CLM_0010,2017,3,1,3
4291,mPOS,FMT_POS_0070,2017,3,2,4
4292,mPOS,FMT_POS_0080,2017,3,2,4
4293,mPOS,FMT_POS_0090,2017,3,2,4
4294,mPOS,FMT_POS_0310,2017,3,2,4
4295,mPOS,FMT_POS_0060,2017,3,2,4
4296,mPOS,FMT_POS_0100,2017,3,2,4
4297,mPOS,FMT_POS_0110,2017,3,2,4
4298,mPOS,FMT_POS_0340,2017,3,2,4
4299,mPOS,FMT_POS_0130,2017,3,2,4
4300,mPOS,FMT_POS_0470,2017,3,2,4
4301,mPOS,FMT_POS_0150,2017,3,2,4
4302,mPOS,FMT_POS_0360,2017,3,2,4
4303,mPOS,FMT_POS_0180,2017,3,2,4
4304,mPOS,FMT_POS_0270,2017,3,2,4
4305,mPOS,FMT_POS_0290,2017,3,2,4
4306,mPOS,FMT_POS_0320,2017,3,2,4
4307,mPOS,FMT_POS_1570,2017,3,2,4
4308,mPOS,FMT_POS_7210,2017,3,2,4
4309,mPOS,FMT_POS_7220,2017,3,2,4
4310,mPOS,FMT_POS_7230,2017,3,2,4
4311,mPOS,FMT_PA_0850,2017,3,2,4
4312,mPOS,FMT_POS_1670,2017,3,2,4
4313,mPOS,FMT_PA_0851,2017,3,2,4
4314,mPOS,FMT_PA_0852,2017,3,2,4
4315,mPOS,FMT_PA_0853,2017,3,2,4
4316,mPOS,FMT_PA_0854,2017,3,2,4
4317,mPOS,FMT_PA_0855,2017,3,2,4
4318,mPOS,FMT_PA_0930,2017,3,2,4
4319,mPOS,FMT_PA_0750,2017,3,2,4
4320,mPOS,FMT_PA_0780,2017,3,2,4
4321,mPOS,FMT_PA_0790,2017,3,2,4
4322,mPOS,FMT_PA_0710,2017,3,2,4
7539,mPOS,FMT_POS_190,2017,3,2,4
6593,mPOS,FMT_POS_190,2017,3,3,5
6595,mPOS,FMT_POS_0070,2017,3,3,5
6596,mPOS,FMT_POS_0080,2017,3,3,5
6597,mPOS,FMT_POS_0090,2017,3,3,5
6598,mPOS,FMT_POS_0310,2017,3,3,5
6599,mPOS,FMT_POS_0060,2017,3,3,5
6600,mPOS,FMT_POS_0100,2017,3,3,5
6601,mPOS,FMT_POS_0110,2017,3,3,5
6602,mPOS,FMT_POS_0340,2017,3,3,5
6603,mPOS,FMT_POS_0130,2017,3,3,5
6604,mPOS,FMT_POS_0470,2017,3,3,5
6605,mPOS,FMT_POS_0150,2017,3,3,5
6606,mPOS,FMT_POS_0360,2017,3,3,5
6607,mPOS,FMT_POS_0180,2017,3,3,5
6608,mPOS,FMT_POS_0270,2017,3,3,5
6609,mPOS,FMT_POS_0290,2017,3,3,5
6610,mPOS,FMT_POS_0320,2017,3,3,5
6611,mPOS,FMT_POS_1570,2017,3,3,5
6612,mPOS,FMT_POS_7210,2017,3,3,5
6613,mPOS,FMT_POS_7220,2017,3,3,5
6614,mPOS,FMT_POS_7230,2017,3,3,5
6615,mPOS,FMT_PA_0850,2017,3,3,5
6616,mPOS,FMT_POS_1670,2017,3,3,5
6617,mPOS,FMT_PA_0851,2017,3,3,5
6618,mPOS,FMT_PA_0852,2017,3,3,5
6619,mPOS,FMT_PA_0853,2017,3,3,5
6620,mPOS,FMT_PA_0854,2017,3,3,5
6621,mPOS,FMT_PA_0855,2017,3,3,5
6622,mPOS,FMT_PA_0930,2017,3,3,5
6623,mPOS,FMT_PA_0750,2017,3,3,5
6624,mPOS,FMT_PA_0780,2017,3,3,5
6625,mPOS,FMT_PA_0790,2017,3,3,5
6626,mPOS,FMT_PA_0710,2017,3,3,5
8244,mPOS,FMT_POS_0070,2017,3,4,6
8245,mPOS,FMT_POS_0080,2017,3,4,6
8246,mPOS,FMT_POS_0090,2017,3,4,6
8247,mPOS,FMT_POS_0310,2017,3,4,6
8248,mPOS,FMT_POS_0060,2017,3,4,6
8249,mPOS,FMT_POS_0100,2017,3,4,6
8250,mPOS,FMT_POS_0110,2017,3,4,6
8251,mPOS,FMT_POS_0340,2017,3,4,6
8252,mPOS,FMT_POS_0130,2017,3,4,6
8253,mPOS,FMT_POS_0470,2017,3,4,6
8254,mPOS,FMT_POS_0150,2017,3,4,6
8255,mPOS,FMT_POS_0360,2017,3,4,6
8256,mPOS,FMT_POS_0180,2017,3,4,6
8257,mPOS,FMT_POS_0270,2017,3,4,6
8258,mPOS,FMT_POS_0290,2017,3,4,6
8259,mPOS,FMT_POS_0320,2017,3,4,6
8260,mPOS,FMT_POS_1570,2017,3,4,6
8261,mPOS,FMT_POS_7210,2017,3,4,6
8262,mPOS,FMT_POS_7220,2017,3,4,6
8263,mPOS,FMT_POS_7230,2017,3,4,6
8264,mPOS,FMT_PA_0850,2017,3,4,6
8265,mPOS,FMT_POS_1670,2017,3,4,6
8266,mPOS,FMT_PA_0851,2017,3,4,6
8267,mPOS,FMT_PA_0852,2017,3,4,6
8268,mPOS,FMT_PA_0853,2017,3,4,6
8269,mPOS,FMT_PA_0854,2017,3,4,6
8270,mPOS,FMT_PA_0855,2017,3,4,6
8271,mPOS,FMT_PA_0930,2017,3,4,6
8272,mPOS,FMT_PA_0750,2017,3,4,6
8273,mPOS,FMT_PA_0780,2017,3,4,6
8274,mPOS,FMT_PA_0790,2017,3,4,6
8275,mPOS,FMT_PA_0710,2017,3,4,6
7544,mPOS,FMT_POS_0070,2017,3,6,1
7545,mPOS,FMT_POS_0080,2017,3,6,1
7546,mPOS,FMT_POS_0090,2017,3,6,1
7547,mPOS,FMT_POS_0310,2017,3,6,1
7548,mPOS,FMT_POS_0060,2017,3,6,1
7549,mPOS,FMT_POS_0100,2017,3,6,1
7550,mPOS,FMT_POS_0110,2017,3,6,1
7551,mPOS,FMT_POS_0340,2017,3,6,1
7552,mPOS,FMT_POS_0130,2017,3,6,1
7553,mPOS,FMT_POS_0470,2017,3,6,1
7554,mPOS,FMT_POS_0150,2017,3,6,1
7555,mPOS,FMT_POS_0360,2017,3,6,1
7556,mPOS,FMT_POS_0180,2017,3,6,1
7557,mPOS,FMT_POS_0270,2017,3,6,1
7558,mPOS,FMT_POS_0290,2017,3,6,1
7559,mPOS,FMT_POS_0320,2017,3,6,1
7560,mPOS,FMT_POS_1570,2017,3,6,1
7561,mPOS,FMT_POS_7210,2017,3,6,1
7562,mPOS,FMT_POS_7220,2017,3,6,1
7563,mPOS,FMT_POS_7230,2017,3,6,1
7564,mPOS,FMT_PA_0850,2017,3,6,1
7565,mPOS,FMT_POS_1670,2017,3,6,1
7566,mPOS,FMT_PA_0851,2017,3,6,1
7567,mPOS,FMT_PA_0852,2017,3,6,1
7568,mPOS,FMT_PA_0853,2017,3,6,1
7569,mPOS,FMT_PA_0854,2017,3,6,1
7570,mPOS,FMT_PA_0855,2017,3,6,1
7571,mPOS,FMT_PA_0930,2017,3,6,1
7572,mPOS,FMT_PA_0750,2017,3,6,1
7573,mPOS,FMT_PA_0780,2017,3,6,1
7574,mPOS,FMT_PA_0790,2017,3,6,1
7575,mPOS,FMT_PA_0710,2017,3,6,1
7975,mPOS,FMT_POS_190,2017,3,6,1
4194,mPOS,FMT_POS_190,2017,3,7,2
4206,mPOS,FMT_POS_0470,2017,3,7,2
4207,mPOS,FMT_POS_0180,2017,3,7,2
4622,mPOS,FMT_POS_0070,2017,3,7,2
4623,mPOS,FMT_POS_0080,2017,3,7,2
4624,mPOS,FMT_POS_0090,2017,3,7,2
4625,mPOS,FMT_POS_0310,2017,3,7,2
4626,mPOS,FMT_POS_0060,2017,3,7,2
4627,mPOS,FMT_POS_0100,2017,3,7,2
4628,mPOS,FMT_POS_0110,2017,3,7,2
4629,mPOS,FMT_POS_0340,2017,3,7,2
4630,mPOS,FMT_POS_0130,2017,3,7,2
4632,mPOS,FMT_POS_0150,2017,3,7,2
4633,mPOS,FMT_POS_0360,2017,3,7,2
4635,mPOS,FMT_POS_0270,2017,3,7,2
4636,mPOS,FMT_POS_0290,2017,3,7,2
4637,mPOS,FMT_POS_0320,2017,3,7,2
4638,mPOS,FMT_POS_1570,2017,3,7,2
4639,mPOS,FMT_POS_7210,2017,3,7,2
4640,mPOS,FMT_POS_7220,2017,3,7,2
4641,mPOS,FMT_POS_7230,2017,3,7,2
4642,mPOS,FMT_PA_0850,2017,3,7,2
4643,mPOS,FMT_POS_1670,2017,3,7,2
4644,mPOS,FMT_PA_0851,2017,3,7,2
4645,mPOS,FMT_PA_0852,2017,3,7,2
4646,mPOS,FMT_PA_0853,2017,3,7,2
4647,mPOS,FMT_PA_0854,2017,3,7,2
4648,mPOS,FMT_PA_0855,2017,3,7,2
4649,mPOS,FMT_PA_0930,2017,3,7,2
4650,mPOS,FMT_PA_0750,2017,3,7,2
4651,mPOS,FMT_PA_0780,2017,3,7,2
4652,mPOS,FMT_PA_0790,2017,3,7,2
4653,mPOS,FMT_PA_0710,2017,3,7,2
4702,mPOS,report001,2017,3,8,3
4715,mPOS,FMT_POS_190,2017,3,8,3
4721,mPOS,FMT_POS_0070,2017,3,8,3
4722,mPOS,FMT_POS_0080,2017,3,8,3
4723,mPOS,FMT_POS_0090,2017,3,8,3
4724,mPOS,FMT_POS_0310,2017,3,8,3
4725,mPOS,FMT_POS_0060,2017,3,8,3
4726,mPOS,FMT_POS_0100,2017,3,8,3
4727,mPOS,FMT_POS_0110,2017,3,8,3
4728,mPOS,FMT_POS_0340,2017,3,8,3
4729,mPOS,FMT_POS_0130,2017,3,8,3
4730,mPOS,FMT_POS_0470,2017,3,8,3
4731,mPOS,FMT_POS_0150,2017,3,8,3
4732,mPOS,FMT_POS_0360,2017,3,8,3
4733,mPOS,FMT_POS_0180,2017,3,8,3
4734,mPOS,FMT_POS_0270,2017,3,8,3
4735,mPOS,FMT_POS_0290,2017,3,8,3
4736,mPOS,FMT_POS_0320,2017,3,8,3
4737,mPOS,FMT_POS_1570,2017,3,8,3
4738,mPOS,FMT_POS_7210,2017,3,8,3
4739,mPOS,FMT_POS_7220,2017,3,8,3
4740,mPOS,FMT_POS_7230,2017,3,8,3
4741,mPOS,FMT_PA_0850,2017,3,8,3
4742,mPOS,FMT_POS_1670,2017,3,8,3
4743,mPOS,FMT_PA_0851,2017,3,8,3
4744,mPOS,FMT_PA_0852,2017,3,8,3
4745,mPOS,FMT_PA_0853,2017,3,8,3
4746,mPOS,FMT_PA_0854,2017,3,8,3
4747,mPOS,FMT_PA_0855,2017,3,8,3
4748,mPOS,FMT_PA_0930,2017,3,8,3
4749,mPOS,FMT_PA_0750,2017,3,8,3
4750,mPOS,FMT_PA_0780,2017,3,8,3
4751,mPOS,FMT_PA_0790,2017,3,8,3
4752,mPOS,FMT_PA_0710,2017,3,8,3
4777,mPOS,FMT_POS_190,2017,3,9,4
4833,mPOS,FMT_POS_0070,2017,3,9,4
4834,mPOS,FMT_POS_0080,2017,3,9,4
4835,mPOS,FMT_POS_0090,2017,3,9,4
4836,mPOS,FMT_POS_0310,2017,3,9,4
4837,mPOS,FMT_POS_0060,2017,3,9,4
4838,mPOS,FMT_POS_0100,2017,3,9,4
4839,mPOS,FMT_POS_0110,2017,3,9,4
4840,mPOS,FMT_POS_0340,2017,3,9,4
4841,mPOS,FMT_POS_0130,2017,3,9,4
4842,mPOS,FMT_POS_0470,2017,3,9,4
4843,mPOS,FMT_POS_0150,2017,3,9,4
4844,mPOS,FMT_POS_0360,2017,3,9,4
4845,mPOS,FMT_POS_0180,2017,3,9,4
4846,mPOS,FMT_POS_0270,2017,3,9,4
4847,mPOS,FMT_POS_0290,2017,3,9,4
4848,mPOS,FMT_POS_0320,2017,3,9,4
4849,mPOS,FMT_POS_1570,2017,3,9,4
4850,mPOS,FMT_POS_7210,2017,3,9,4
4851,mPOS,FMT_POS_7220,2017,3,9,4
4852,mPOS,FMT_POS_7230,2017,3,9,4
4853,mPOS,FMT_PA_0850,2017,3,9,4
4854,mPOS,FMT_POS_1670,2017,3,9,4
4855,mPOS,FMT_PA_0851,2017,3,9,4
4856,mPOS,FMT_PA_0852,2017,3,9,4
4857,mPOS,FMT_PA_0853,2017,3,9,4
4858,mPOS,FMT_PA_0854,2017,3,9,4
4859,mPOS,FMT_PA_0855,2017,3,9,4
4860,mPOS,FMT_PA_0930,2017,3,9,4
4861,mPOS,FMT_PA_0750,2017,3,9,4
4862,mPOS,FMT_PA_0780,2017,3,9,4
4863,mPOS,FMT_PA_0790,2017,3,9,4
4864,mPOS,FMT_PA_0710,2017,3,9,4
4881,mPOS,FMT_POS_0070,2017,3,10,5
4882,mPOS,FMT_POS_0080,2017,3,10,5
4883,mPOS,FMT_POS_0090,2017,3,10,5
4884,mPOS,FMT_POS_0310,2017,3,10,5
4885,mPOS,FMT_POS_0060,2017,3,10,5
4886,mPOS,FMT_POS_0100,2017,3,10,5
4887,mPOS,FMT_POS_0110,2017,3,10,5
4888,mPOS,FMT_POS_0340,2017,3,10,5
4889,mPOS,FMT_POS_0130,2017,3,10,5
4890,mPOS,FMT_POS_0470,2017,3,10,5
4891,mPOS,FMT_POS_0150,2017,3,10,5
4892,mPOS,FMT_POS_0360,2017,3,10,5
4893,mPOS,FMT_POS_0180,2017,3,10,5
4894,mPOS,FMT_POS_0270,2017,3,10,5
4895,mPOS,FMT_POS_0290,2017,3,10,5
4896,mPOS,FMT_POS_0320,2017,3,10,5
4897,mPOS,FMT_POS_1570,2017,3,10,5
4898,mPOS,FMT_POS_7210,2017,3,10,5
4899,mPOS,FMT_POS_7220,2017,3,10,5
4900,mPOS,FMT_POS_7230,2017,3,10,5
4901,mPOS,FMT_PA_0850,2017,3,10,5
4902,mPOS,FMT_POS_1670,2017,3,10,5
4903,mPOS,FMT_PA_0851,2017,3,10,5
4904,mPOS,FMT_PA_0852,2017,3,10,5
4905,mPOS,FMT_PA_0853,2017,3,10,5
4906,mPOS,FMT_PA_0854,2017,3,10,5
4907,mPOS,FMT_PA_0855,2017,3,10,5
4908,mPOS,FMT_PA_0930,2017,3,10,5
4909,mPOS,FMT_PA_0750,2017,3,10,5
4910,mPOS,FMT_PA_0780,2017,3,10,5
4911,mPOS,FMT_PA_0790,2017,3,10,5
4912,mPOS,FMT_PA_0710,2017,3,10,5
4978,mPOS,FMT_CLM_0020,2017,3,10,5
5010,mPOS,FMT_POS_190,2017,3,10,5
10584,mPOS,FMT_POS_190,2017,3,13,1
10589,mPOS,FMT_POS_0070,2017,3,13,1
10590,mPOS,FMT_POS_0080,2017,3,13,1
10591,mPOS,FMT_POS_0090,2017,3,13,1
10592,mPOS,FMT_POS_0310,2017,3,13,1
10593,mPOS,FMT_POS_0060,2017,3,13,1
10594,mPOS,FMT_POS_0100,2017,3,13,1
10595,mPOS,FMT_POS_0110,2017,3,13,1
10596,mPOS,FMT_POS_0340,2017,3,13,1
10597,mPOS,FMT_POS_0130,2017,3,13,1
10598,mPOS,FMT_POS_0470,2017,3,13,1
10599,mPOS,FMT_POS_0150,2017,3,13,1
10600,mPOS,FMT_POS_0360,2017,3,13,1
10601,mPOS,FMT_POS_0180,2017,3,13,1
10602,mPOS,FMT_POS_0270,2017,3,13,1
10603,mPOS,FMT_POS_0290,2017,3,13,1
10604,mPOS,FMT_POS_0320,2017,3,13,1
10605,mPOS,FMT_POS_1570,2017,3,13,1
10606,mPOS,FMT_POS_7210,2017,3,13,1
10607,mPOS,FMT_POS_7220,2017,3,13,1
10608,mPOS,FMT_POS_7230,2017,3,13,1
10609,mPOS,FMT_PA_0850,2017,3,13,1
10610,mPOS,FMT_POS_1670,2017,3,13,1
10611,mPOS,FMT_PA_0851,2017,3,13,1
10612,mPOS,FMT_PA_0852,2017,3,13,1
10613,mPOS,FMT_PA_0853,2017,3,13,1
10614,mPOS,FMT_PA_0854,2017,3,13,1
10615,mPOS,FMT_PA_0855,2017,3,13,1
10616,mPOS,FMT_PA_0930,2017,3,13,1
10617,mPOS,FMT_PA_0750,2017,3,13,1
10618,mPOS,FMT_PA_0780,2017,3,13,1
10619,mPOS,FMT_PA_0790,2017,3,13,1
10620,mPOS,FMT_PA_0710,2017,3,13,1
10706,mPOS,FMT_CLM_0020,2017,3,13,1
11277,mPOS,FMT_POS_0190,2017,3,13,1
11311,mPOS,FMT_POS_1900,2017,3,13,1
10745,mPOS,FMT_POS_0190,2017,3,14,2
10748,mPOS,FMT_POS_0070,2017,3,14,2
10749,mPOS,FMT_POS_0080,2017,3,14,2
10750,mPOS,FMT_POS_0090,2017,3,14,2
10751,mPOS,FMT_POS_0310,2017,3,14,2
10752,mPOS,FMT_POS_0060,2017,3,14,2
10753,mPOS,FMT_POS_0100,2017,3,14,2
10754,mPOS,FMT_POS_0110,2017,3,14,2
10755,mPOS,FMT_POS_0340,2017,3,14,2
10756,mPOS,FMT_POS_0130,2017,3,14,2
10757,mPOS,FMT_POS_0470,2017,3,14,2
10758,mPOS,FMT_POS_0150,2017,3,14,2
10759,mPOS,FMT_POS_0360,2017,3,14,2
10760,mPOS,FMT_POS_0180,2017,3,14,2
10761,mPOS,FMT_POS_0270,2017,3,14,2
10762,mPOS,FMT_POS_0290,2017,3,14,2
10763,mPOS,FMT_POS_0320,2017,3,14,2
10764,mPOS,FMT_POS_1570,2017,3,14,2
10765,mPOS,FMT_POS_7210,2017,3,14,2
10766,mPOS,FMT_POS_7220,2017,3,14,2
10767,mPOS,FMT_POS_7230,2017,3,14,2
10768,mPOS,FMT_PA_0850,2017,3,14,2
10769,mPOS,FMT_POS_1670,2017,3,14,2
10770,mPOS,FMT_PA_0851,2017,3,14,2
10771,mPOS,FMT_PA_0852,2017,3,14,2
10772,mPOS,FMT_PA_0853,2017,3,14,2
10773,mPOS,FMT_PA_0854,2017,3,14,2
10774,mPOS,FMT_PA_0855,2017,3,14,2
10775,mPOS,FMT_PA_0930,2017,3,14,2
10776,mPOS,FMT_PA_0750,2017,3,14,2
10777,mPOS,FMT_PA_0780,2017,3,14,2
10778,mPOS,FMT_PA_0790,2017,3,14,2
10779,mPOS,FMT_PA_0710,2017,3,14,2
10824,mPOS,FMT_POS_190,2017,3,14,2
10858,mPOS,FMT_UNB_0200,2017,3,14,2
10859,mPOS,FMT_UNB_0202,2017,3,14,2
11058,mPOS,FMT_UNB_0770,2017,3,14,2
11103,mPOS,FMT_CLM_0020,2017,3,14,2
11568,mPOS,FMT_POS_0190,2017,3,15,3
11591,mPOS,FMT_CLM_0020,2017,3,15,3
11620,mPOS,FMT_POS_0070,2017,3,15,3
11621,mPOS,FMT_POS_0080,2017,3,15,3
11622,mPOS,FMT_POS_0090,2017,3,15,3
11623,mPOS,FMT_POS_0310,2017,3,15,3
11624,mPOS,FMT_POS_0060,2017,3,15,3
11625,mPOS,FMT_POS_0100,2017,3,15,3
11626,mPOS,FMT_POS_0110,2017,3,15,3
11627,mPOS,FMT_POS_0340,2017,3,15,3
11628,mPOS,FMT_POS_0130,2017,3,15,3
11629,mPOS,FMT_POS_0470,2017,3,15,3
11630,mPOS,FMT_POS_0150,2017,3,15,3
11631,mPOS,FMT_POS_0360,2017,3,15,3
11632,mPOS,FMT_POS_0180,2017,3,15,3
11633,mPOS,FMT_POS_0270,2017,3,15,3
11634,mPOS,FMT_POS_0290,2017,3,15,3
11635,mPOS,FMT_POS_0320,2017,3,15,3
11636,mPOS,FMT_POS_1570,2017,3,15,3
11637,mPOS,FMT_POS_7210,2017,3,15,3
11638,mPOS,FMT_POS_7220,2017,3,15,3
11639,mPOS,FMT_POS_7230,2017,3,15,3
11640,mPOS,FMT_PA_0850,2017,3,15,3
11641,mPOS,FMT_POS_1670,2017,3,15,3
11642,mPOS,FMT_PA_0851,2017,3,15,3
11643,mPOS,FMT_PA_0852,2017,3,15,3
11644,mPOS,FMT_PA_0853,2017,3,15,3
11645,mPOS,FMT_PA_0854,2017,3,15,3
11646,mPOS,FMT_PA_0855,2017,3,15,3
11647,mPOS,FMT_PA_0930,2017,3,15,3
11648,mPOS,FMT_PA_0750,2017,3,15,3
11649,mPOS,FMT_PA_0780,2017,3,15,3
11650,mPOS,FMT_PA_0790,2017,3,15,3
11651,mPOS,FMT_PA_0710,2017,3,15,3
11690,mPOS,POS-BSD-021,2017,3,15,3
11692,mPOS,POS-BSD-0021,2017,3,15,3
11694,mPOS,FMT_POS_1900,2017,3,15,3
11695,mPOS,FMT_POS_1190,2017,3,15,3
11865,mPOS,FMT_UNB_0370,2017,3,15,3
11980,mPOS,report001,2017,3,15,3
12145,mPOS,FMT_PA_0950,2017,3,15,3
12203,mPOS,FMT_UNB_0381,2017,3,15,3
12222,mPOS,FMT_CLM_0010,2017,3,15,3
12228,mPOS,report001,2017,3,16,4
12676,mPOS,FMT_POS_0070,2017,3,16,4
12677,mPOS,FMT_POS_0080,2017,3,16,4
12678,mPOS,FMT_POS_0090,2017,3,16,4
12679,mPOS,FMT_POS_0310,2017,3,16,4
12680,mPOS,FMT_POS_0060,2017,3,16,4
12681,mPOS,FMT_POS_0100,2017,3,16,4
12682,mPOS,FMT_POS_0110,2017,3,16,4
12683,mPOS,FMT_POS_0340,2017,3,16,4
12684,mPOS,FMT_POS_0130,2017,3,16,4
12685,mPOS,FMT_POS_0470,2017,3,16,4
12686,mPOS,FMT_POS_0150,2017,3,16,4
12687,mPOS,FMT_POS_0360,2017,3,16,4
12688,mPOS,FMT_POS_0180,2017,3,16,4
12689,mPOS,FMT_POS_0270,2017,3,16,4
12690,mPOS,FMT_POS_0290,2017,3,16,4
12691,mPOS,FMT_POS_0320,2017,3,16,4
12692,mPOS,FMT_POS_1570,2017,3,16,4
12693,mPOS,FMT_POS_7210,2017,3,16,4
12694,mPOS,FMT_POS_7220,2017,3,16,4
12695,mPOS,FMT_POS_7230,2017,3,16,4
12696,mPOS,FMT_PA_0850,2017,3,16,4
12697,mPOS,FMT_POS_1670,2017,3,16,4
12698,mPOS,FMT_PA_0851,2017,3,16,4
12699,mPOS,FMT_PA_0852,2017,3,16,4
12700,mPOS,FMT_PA_0853,2017,3,16,4
12701,mPOS,FMT_PA_0854,2017,3,16,4
12702,mPOS,FMT_PA_0855,2017,3,16,4
12703,mPOS,FMT_PA_0930,2017,3,16,4
12704,mPOS,FMT_PA_0750,2017,3,16,4
12705,mPOS,FMT_PA_0780,2017,3,16,4
12706,mPOS,FMT_PA_0790,2017,3,16,4
12707,mPOS,FMT_PA_0710,2017,3,16,4
12730,mPOS,FMT_CLM_0020,2017,3,16,4
12899,mPOS,FMT_POS_0190,2017,3,16,4
12917,mPOS,FMT_UNB_0370,2017,3,16,4
12919,mPOS,FMT_UNB_0381,2017,3,16,4
12921,mPOS,FMT_UNB_0372,2017,3,16,4
12941,mPOS,FMT_PA_0770,2017,3,16,4
12942,mPOS,FMT_UNB_0200,2017,3,16,4
12943,mPOS,FMT_POS_0020,2017,3,16,4
13022,mPOS,FMT_UNB_0771,2017,3,16,4
13317,mPOS,FMT_UNB_0300,2017,3,16,4
12253,mPOS,FMT_POS_0190,2017,3,17,5
12256,mPOS,CLM-008,2017,3,17,5
12258,mPOS,FMT_UNB_0300,2017,3,17,5
12259,mPOS,report001,2017,3,17,5
12265,mPOS,FMT_POS_0070,2017,3,17,5
12266,mPOS,FMT_POS_0080,2017,3,17,5
12267,mPOS,FMT_POS_0090,2017,3,17,5
12268,mPOS,FMT_POS_0310,2017,3,17,5
12269,mPOS,FMT_POS_0060,2017,3,17,5
12270,mPOS,FMT_POS_0100,2017,3,17,5
12271,mPOS,FMT_POS_0110,2017,3,17,5
12272,mPOS,FMT_POS_0340,2017,3,17,5
12273,mPOS,FMT_POS_0130,2017,3,17,5
12274,mPOS,FMT_POS_0470,2017,3,17,5
12275,mPOS,FMT_POS_0150,2017,3,17,5
12276,mPOS,FMT_POS_0360,2017,3,17,5
12277,mPOS,FMT_POS_0180,2017,3,17,5
12278,mPOS,FMT_POS_0270,2017,3,17,5
12279,mPOS,FMT_POS_0290,2017,3,17,5
12280,mPOS,FMT_POS_0320,2017,3,17,5
12281,mPOS,FMT_POS_1570,2017,3,17,5
12282,mPOS,FMT_POS_7210,2017,3,17,5
12283,mPOS,FMT_POS_7220,2017,3,17,5
12284,mPOS,FMT_POS_7230,2017,3,17,5
12285,mPOS,FMT_PA_0850,2017,3,17,5
12286,mPOS,FMT_POS_1670,2017,3,17,5
12287,mPOS,FMT_PA_0851,2017,3,17,5
12288,mPOS,FMT_PA_0852,2017,3,17,5
12289,mPOS,FMT_PA_0853,2017,3,17,5
12290,mPOS,FMT_PA_0854,2017,3,17,5
12291,mPOS,FMT_PA_0855,2017,3,17,5
12292,mPOS,FMT_PA_0930,2017,3,17,5
12293,mPOS,FMT_PA_0750,2017,3,17,5
12294,mPOS,FMT_PA_0780,2017,3,17,5
12295,mPOS,FMT_PA_0790,2017,3,17,5
12296,mPOS,FMT_PA_0710,2017,3,17,5
12306,mPOS,FMT_CLM_0020,2017,3,17,5
12440,mPOS,FMT_POS_0020,2017,3,17,5
12452,mPOS,FMT_PA_0770,2017,3,17,5
12456,mPOS,CLM-009,2017,3,17,5
13163,mPOS,LS_SC_2020,2017,3,17,5
13164,mPOS,FMT_SC_2020,2017,3,17,5
13165,mPOS,FMT_PA_2020,2017,3,17,5
13166,mPOS,FMT_POS_2020,2017,3,17,5
13168,mPOS,LS_SC_2040,2017,3,17,5
13169,mPOS,LS_SC_2100,2017,3,17,5
13170,mPOS,LS_SC_2140,2017,3,17,5
13171,mPOS,LS_SC_2150,2017,3,17,5
13571,mPOS,report001,2017,3,20,1
13593,mPOS,FMT_PA_0710,2017,3,20,1
13594,mPOS,FMT_POS_0020,2017,3,20,1
13613,mPOS,FMT_UNB_0300,2017,3,20,1
13614,mPOS,CLM-008,2017,3,20,1
13615,mPOS,CLM-009,2017,3,20,1
13623,mPOS,FMT_PA_0770,2017,3,20,1
13629,mPOS,FMT_CLM_0020,2017,3,20,1
13631,mPOS,FMT_POS_0190,2017,3,20,1
13634,mPOS,FMT_POS_0070,2017,3,20,1
13635,mPOS,FMT_POS_0080,2017,3,20,1
13636,mPOS,FMT_POS_0090,2017,3,20,1
13637,mPOS,FMT_POS_0310,2017,3,20,1
13638,mPOS,FMT_POS_0060,2017,3,20,1
13639,mPOS,FMT_POS_0100,2017,3,20,1
13640,mPOS,FMT_POS_0110,2017,3,20,1
13641,mPOS,FMT_POS_0340,2017,3,20,1
13642,mPOS,FMT_POS_0130,2017,3,20,1
13643,mPOS,FMT_POS_0470,2017,3,20,1
13644,mPOS,FMT_POS_0150,2017,3,20,1
13645,mPOS,FMT_POS_0360,2017,3,20,1
13646,mPOS,FMT_POS_0180,2017,3,20,1
13647,mPOS,FMT_POS_0270,2017,3,20,1
13648,mPOS,FMT_POS_0290,2017,3,20,1
13649,mPOS,FMT_POS_0320,2017,3,20,1
13650,mPOS,FMT_POS_1570,2017,3,20,1
13651,mPOS,FMT_POS_7210,2017,3,20,1
13652,mPOS,FMT_POS_7220,2017,3,20,1
13653,mPOS,FMT_POS_7230,2017,3,20,1
13654,mPOS,FMT_PA_0850,2017,3,20,1
13655,mPOS,FMT_POS_1670,2017,3,20,1
13656,mPOS,FMT_PA_0851,2017,3,20,1
13657,mPOS,FMT_PA_0852,2017,3,20,1
13658,mPOS,FMT_PA_0853,2017,3,20,1
13659,mPOS,FMT_PA_0854,2017,3,20,1
13660,mPOS,FMT_PA_0855,2017,3,20,1
13661,mPOS,FMT_PA_0930,2017,3,20,1
13662,mPOS,FMT_PA_0750,2017,3,20,1
13663,mPOS,FMT_PA_0780,2017,3,20,1
13664,mPOS,FMT_PA_0790,2017,3,20,1
13802,mPOS,FMT_UNB_0770,2017,3,20,1
14033,mPOS,FMT_UNB_0771,2017,3,20,1
14289,mPOS,FMT_UNB_0200,2017,3,20,1
14407,mPOS,report001,2017,3,21,2
14414,mPOS,FMT_POS_0070,2017,3,21,2
14415,mPOS,FMT_POS_0080,2017,3,21,2
14416,mPOS,FMT_POS_0090,2017,3,21,2
14417,mPOS,FMT_POS_0310,2017,3,21,2
14418,mPOS,FMT_POS_0060,2017,3,21,2
14419,mPOS,FMT_POS_0100,2017,3,21,2
14420,mPOS,FMT_POS_0110,2017,3,21,2
14421,mPOS,FMT_POS_0340,2017,3,21,2
14422,mPOS,FMT_POS_0130,2017,3,21,2
14423,mPOS,FMT_POS_0470,2017,3,21,2
14424,mPOS,FMT_POS_0150,2017,3,21,2
14425,mPOS,FMT_POS_0360,2017,3,21,2
14426,mPOS,FMT_POS_0180,2017,3,21,2
14427,mPOS,FMT_POS_0270,2017,3,21,2
14428,mPOS,FMT_POS_0290,2017,3,21,2
14429,mPOS,FMT_POS_0320,2017,3,21,2
14430,mPOS,FMT_POS_1570,2017,3,21,2
14431,mPOS,FMT_POS_7210,2017,3,21,2
14432,mPOS,FMT_POS_7220,2017,3,21,2
14433,mPOS,FMT_POS_7230,2017,3,21,2
14434,mPOS,FMT_PA_0850,2017,3,21,2
14435,mPOS,FMT_POS_1670,2017,3,21,2
14436,mPOS,FMT_PA_0851,2017,3,21,2
14437,mPOS,FMT_PA_0852,2017,3,21,2
14438,mPOS,FMT_PA_0853,2017,3,21,2
14439,mPOS,FMT_PA_0854,2017,3,21,2
14440,mPOS,FMT_PA_0855,2017,3,21,2
14441,mPOS,FMT_PA_0930,2017,3,21,2
14442,mPOS,FMT_PA_0750,2017,3,21,2
14443,mPOS,FMT_PA_0780,2017,3,21,2
14444,mPOS,FMT_PA_0790,2017,3,21,2
14445,mPOS,FMT_PA_0710,2017,3,21,2
14513,mPOS,FMT_POS_0190,2017,3,21,2
14932,mPOS,FMT_CLM_0010,2017,3,21,2
15238,mPOS,FMT_UNB_0300,2017,3,21,2
15303,mPOS,FMT_CLM_0020,2017,3,21,2
15730,mPOS,FMT_UNB_0201,2017,3,21,2
15837,mPOS,FMT_PA_0770,2017,3,21,2
14711,mPOS,FMT_POS_0190,2017,3,22,3
14713,mPOS,FMT_POS_0070,2017,3,22,3
14714,mPOS,FMT_POS_0080,2017,3,22,3
14715,mPOS,FMT_POS_0090,2017,3,22,3
14716,mPOS,FMT_POS_0310,2017,3,22,3
14717,mPOS,FMT_POS_0060,2017,3,22,3
14718,mPOS,FMT_POS_0100,2017,3,22,3
14719,mPOS,FMT_POS_0110,2017,3,22,3
14720,mPOS,FMT_POS_0340,2017,3,22,3
14721,mPOS,FMT_POS_0130,2017,3,22,3
14722,mPOS,FMT_POS_0470,2017,3,22,3
14723,mPOS,FMT_POS_0150,2017,3,22,3
14724,mPOS,FMT_POS_0360,2017,3,22,3
14725,mPOS,FMT_POS_0180,2017,3,22,3
14726,mPOS,FMT_POS_0270,2017,3,22,3
14727,mPOS,FMT_POS_0290,2017,3,22,3
14728,mPOS,FMT_POS_0320,2017,3,22,3
14729,mPOS,FMT_POS_1570,2017,3,22,3
14730,mPOS,FMT_POS_7210,2017,3,22,3
14731,mPOS,FMT_POS_7220,2017,3,22,3
14732,mPOS,FMT_POS_7230,2017,3,22,3
14733,mPOS,FMT_PA_0850,2017,3,22,3
14734,mPOS,FMT_POS_1670,2017,3,22,3
14735,mPOS,FMT_PA_0851,2017,3,22,3
14736,mPOS,FMT_PA_0852,2017,3,22,3
14737,mPOS,FMT_PA_0853,2017,3,22,3
14738,mPOS,FMT_PA_0854,2017,3,22,3
14739,mPOS,FMT_PA_0855,2017,3,22,3
14740,mPOS,FMT_PA_0930,2017,3,22,3
14741,mPOS,FMT_PA_0750,2017,3,22,3
14742,mPOS,FMT_PA_0780,2017,3,22,3
14743,mPOS,FMT_PA_0790,2017,3,22,3
14744,mPOS,FMT_PA_0710,2017,3,22,3
14756,mPOS,report001,2017,3,22,3
14869,mPOS,FMT_POS_0170,2017,3,22,3
14898,mPOS,FMT_CLM_0010,2017,3,22,3
14899,mPOS,FMT_POS_0010,2017,3,22,3
14673,mPOS,report001,2017,3,23,4
14675,mPOS,FMT_CLM_0010,2017,3,23,4
14677,mPOS,FMT_POS_0290 ,2017,3,23,4
14679,mPOS,FMT_POS_0290,2017,3,23,4
14688,mPOS,FMT_CLM_0020,2017,3,23,4
14782,mPOS,FMT_PA_0770,2017,3,23,4
14783,mPOS,FMT_POS_0320,2017,3,23,4
14842,mPOS,FMT_POS_0190,2017,3,23,4
14969,mPOS,FMT_POS_0070,2017,3,23,4
14970,mPOS,FMT_POS_0080,2017,3,23,4
14971,mPOS,FMT_POS_0090,2017,3,23,4
14972,mPOS,FMT_POS_0310,2017,3,23,4
14973,mPOS,FMT_POS_0060,2017,3,23,4
14974,mPOS,FMT_POS_0100,2017,3,23,4
14975,mPOS,FMT_POS_0110,2017,3,23,4
14976,mPOS,FMT_POS_0340,2017,3,23,4
14977,mPOS,FMT_POS_0130,2017,3,23,4
14978,mPOS,FMT_POS_0470,2017,3,23,4
14979,mPOS,FMT_POS_0150,2017,3,23,4
14980,mPOS,FMT_POS_0360,2017,3,23,4
14981,mPOS,FMT_POS_0180,2017,3,23,4
14982,mPOS,FMT_POS_0270,2017,3,23,4
14985,mPOS,FMT_POS_1570,2017,3,23,4
14986,mPOS,FMT_POS_7210,2017,3,23,4
14987,mPOS,FMT_POS_7220,2017,3,23,4
14988,mPOS,FMT_POS_7230,2017,3,23,4
14989,mPOS,FMT_PA_0850,2017,3,23,4
14990,mPOS,FMT_POS_1670,2017,3,23,4
14991,mPOS,FMT_PA_0851,2017,3,23,4
14992,mPOS,FMT_PA_0852,2017,3,23,4
14993,mPOS,FMT_PA_0853,2017,3,23,4
14994,mPOS,FMT_PA_0854,2017,3,23,4
14995,mPOS,FMT_PA_0855,2017,3,23,4
14996,mPOS,FMT_PA_0930,2017,3,23,4
14997,mPOS,FMT_PA_0750,2017,3,23,4
14998,mPOS,FMT_PA_0780,2017,3,23,4
14999,mPOS,FMT_PA_0790,2017,3,23,4
15000,mPOS,FMT_PA_0710,2017,3,23,4
15886,mPOS,FMT_UNB_0130,2017,3,23,4
15887,mPOS,FMT_UNB_0670,2017,3,23,4
16426,mPOS,FMT_UNB_0201,2017,3,23,4
16452,mPOS,FMT_POS_7160,2017,3,23,4
16506,mPOS,FMT_UNB_0090,2017,3,23,4
16546,mPOS,FMT_UNB_0370,2017,3,23,4
16551,mPOS,FMT_UNB_0200,2017,3,23,4
16589,mPOS,FMT_UNB_0202,2017,3,23,4
17287,mPOS,FMT_UNB_0372,2017,3,23,4
14690,mPOS,FMT_POS_0290,2017,3,24,5
14696,mPOS,FMT_POS_0360,2017,3,24,5
14697,mPOS,FMT_POS_0470,2017,3,24,5
14787,mPOS,FMT_POS_0180,2017,3,24,5
14800,mPOS,FMT_POS_0070,2017,3,24,5
14801,mPOS,FMT_POS_0080,2017,3,24,5
14802,mPOS,FMT_POS_0090,2017,3,24,5
14803,mPOS,FMT_POS_0060,2017,3,24,5
14804,mPOS,FMT_POS_0310,2017,3,24,5
14805,mPOS,FMT_POS_0100,2017,3,24,5
14806,mPOS,FMT_POS_0110,2017,3,24,5
14807,mPOS,FMT_POS_0340,2017,3,24,5
14808,mPOS,FMT_POS_0130,2017,3,24,5
14810,mPOS,FMT_POS_0150,2017,3,24,5
14813,mPOS,FMT_POS_0270,2017,3,24,5
14815,mPOS,FMT_POS_0320,2017,3,24,5
14816,mPOS,FMT_POS_1570,2017,3,24,5
14817,mPOS,FMT_POS_7210,2017,3,24,5
14818,mPOS,FMT_POS_7220,2017,3,24,5
14819,mPOS,FMT_POS_7230,2017,3,24,5
14820,mPOS,FMT_POS_1670,2017,3,24,5
14821,mPOS,FMT_PA_0850,2017,3,24,5
14822,mPOS,FMT_PA_0851,2017,3,24,5
14823,mPOS,FMT_PA_0852,2017,3,24,5
14824,mPOS,FMT_PA_0853,2017,3,24,5
14825,mPOS,FMT_PA_0854,2017,3,24,5
14826,mPOS,FMT_PA_0855,2017,3,24,5
14827,mPOS,FMT_PA_0930,2017,3,24,5
14828,mPOS,FMT_PA_0750,2017,3,24,5
14829,mPOS,FMT_PA_0780,2017,3,24,5
14830,mPOS,FMT_PA_0790,2017,3,24,5
14831,mPOS,FMT_PA_0710,2017,3,24,5
15063,mPOS,FMT_UNB_0091,2017,3,24,5
15065,mPOS,FMT_UNB_0372,2017,3,24,5
15069,mPOS,FMT_POS_0190,2017,3,24,5
15070,mPOS,FMT_CLM_0020,2017,3,24,5
15139,mPOS,FMT_PA_0800,2017,3,24,5
15141,mPOS,FMT_PA_0810,2017,3,24,5
15142,mPOS,FMT_PA_0820,2017,3,24,5
15143,mPOS,FMT_PA_0830,2017,3,24,5
15144,mPOS,FMT_PA_0840,2017,3,24,5
15162,mPOS,FMT_PA_0860,2017,3,24,5
15163,mPOS,FMT_PA_0870,2017,3,24,5
15169,mPOS,FMT_PA_0880,2017,3,24,5
15170,mPOS,FMT_PA_0890,2017,3,24,5
15171,mPOS,FMT_PA_0900,2017,3,24,5
15172,mPOS,FMT_PA_0910,2017,3,24,5
15181,mPOS,FMT_PA_0920,2017,3,24,5
15183,mPOS,FMT_PA_0940,2017,3,24,5
15184,mPOS,FMT_PA_0950,2017,3,24,5
15194,mPOS,FMT_PA_0951,2017,3,24,5
15195,mPOS,FMT_PA_0960,2017,3,24,5
15196,mPOS,FMT_PA_0961,2017,3,24,5
15197,mPOS,FMT_PA_0970,2017,3,24,5
15205,mPOS,FMT_PA_0980,2017,3,24,5
15206,mPOS,FMT_PA_0990,2017,3,24,5
15207,mPOS,FMT_PA_1000,2017,3,24,5
15318,mPOS,FMT_CLM_0030,2017,3,24,5
15319,mPOS,FMT_CLM_0040,2017,3,24,5
15320,mPOS,FMT_CLM_0050,2017,3,24,5
15321,mPOS,FMT_CLM_0060,2017,3,24,5
15322,mPOS,FMT_CLM_0070,2017,3,24,5
15323,mPOS,FMT_CLM_0080,2017,3,24,5
15324,mPOS,FMT_CLM_0090,2017,3,24,5
15325,mPOS,FMT_CLM_0100,2017,3,24,5
15326,mPOS,FMT_CLM_0110,2017,3,24,5
15327,mPOS,FMT_CLM_0120,2017,3,24,5
15329,mPOS,FMT_CLM_0010,2017,3,24,5
15331,mPOS,FMT_POS_0010,2017,3,24,5
15332,mPOS,FMT_POS_0020,2017,3,24,5
15333,mPOS,FMT_POS_0030,2017,3,24,5
15334,mPOS,FMT_POS_0040,2017,3,24,5
15341,mPOS,FMT_POS_0140,2017,3,24,5
15343,mPOS,FMT_POS_0160,2017,3,24,5
15344,mPOS,FMT_POS_0170,2017,3,24,5
15346,mPOS,FMT_POS_0240,2017,3,24,5
15348,mPOS,FMT_POS_0250,2017,3,24,5
15349,mPOS,FMT_POS_0260,2017,3,24,5
15355,mPOS,FMT_POS_0350,2017,3,24,5
15357,mPOS,FMT_POS_0370,2017,3,24,5
15358,mPOS,FMT_POS_0380,2017,3,24,5
15359,mPOS,FMT_POS_0440,2017,3,24,5
15361,mPOS,FMT_POS_1120,2017,3,24,5
15362,mPOS,FMT_POS_1540,2017,3,24,5
15363,mPOS,FMT_POS_1560,2017,3,24,5
15365,mPOS,FMT_POS_1571,2017,3,24,5
15589,mPOS,FMT_SC_6280,2017,3,24,5
15590,mPOS,FMT_SC_6840,2017,3,24,5
15591,mPOS,FMT_SC_6850,2017,3,24,5
15667,mPOS,FMT_UNB_0090,2017,3,24,5
15670,mPOS,FMT_UNB_0092,2017,3,24,5
15671,mPOS,FMT_UNB_0100,2017,3,24,5
15672,mPOS,FMT_UNB_0110,2017,3,24,5
15673,mPOS,FMT_UNB_0120,2017,3,24,5
15674,mPOS,FMT_UNB_0130,2017,3,24,5
15675,mPOS,FMT_UNB_0140,2017,3,24,5
15676,mPOS,FMT_UNB_0170,2017,3,24,5
15677,mPOS,FMT_UNB_0180,2017,3,24,5
15678,mPOS,FMT_UNB_0200,2017,3,24,5
15679,mPOS,FMT_UNB_0201,2017,3,24,5
15680,mPOS,FMT_UNB_0202,2017,3,24,5
15681,mPOS,FMT_UNB_0210,2017,3,24,5
15682,mPOS,FMT_UNB_0291,2017,3,24,5
15683,mPOS,FMT_UNB_0300,2017,3,24,5
15684,mPOS,FMT_UNB_0310,2017,3,24,5
15685,mPOS,FMT_UNB_0360,2017,3,24,5
15686,mPOS,FMT_UNB_0361,2017,3,24,5
15687,mPOS,FMT_UNB_0362,2017,3,24,5
15688,mPOS,FMT_UNB_0363,2017,3,24,5
15689,mPOS,FMT_UNB_0370,2017,3,24,5
15691,mPOS,FMT_UNB_0381,2017,3,24,5
15692,mPOS,FMT_UNB_0441,2017,3,24,5
15693,mPOS,FMT_UNB_0650,2017,3,24,5
15694,mPOS,FMT_UNB_0651,2017,3,24,5
15695,mPOS,FMT_UNB_0660,2017,3,24,5
15696,mPOS,FMT_UNB_0670,2017,3,24,5
15697,mPOS,FMT_UNB_0671,2017,3,24,5
15698,mPOS,FMT_UNB_0770,2017,3,24,5
15699,mPOS,FMT_UNB_0771,2017,3,24,5
15700,mPOS,FMT_UNB_0781,2017,3,24,5
15701,mPOS,FMT_UNB_0782,2017,3,24,5
16047,mPOS,report001,2017,3,24,5
16050,mPOS,FMT_PA_0730,2017,3,24,5
16051,mPOS,FMT_PA_0740,2017,3,24,5
16052,mPOS,FMT_PA_0760,2017,3,24,5
16053,mPOS,FMT_PA_0770,2017,3,24,5
16850,mPOS,FMT_POS_7160,2017,3,24,5
19172,mPOS,FMT_POS_0020,2017,3,27,1
19425,mPOS,FMT_PA_0770,2017,3,27,1
20643,mPOS,report001,2017,3,27,1
17481,mPOS,FMT_UNB_0370,2017,3,28,2
17540,mPOS,FMT_PA_0710,2017,3,28,2
17635,mPOS,FMT_UNB_0372,2017,3,28,2
17703,mPOS,FMT_PA_0770,2017,3,28,2
18303,mPOS,FMT_UNB_0781,2017,3,28,2
18471,mPOS,FMT_PA_0800,2017,3,28,2
18472,mPOS,FMT_PA_0850,2017,3,28,2
18473,mPOS,FMT_PA_0851,2017,3,28,2
18474,mPOS,FMT_PA_0852,2017,3,28,2
18475,mPOS,FMT_PA_0853,2017,3,28,2
18476,mPOS,FMT_PA_0854,2017,3,28,2
18477,mPOS,FMT_PA_0855,2017,3,28,2
18478,mPOS,FMT_PA_0900,2017,3,28,2
18479,mPOS,FMT_POS_1670,2017,3,28,2
18480,mPOS,FMT_PA_0750,2017,3,28,2
18481,mPOS,FMT_PA_0920,2017,3,28,2
18482,mPOS,FMT_PA_0930,2017,3,28,2
18483,mPOS,FMT_PA_0940,2017,3,28,2
18484,mPOS,FMT_PA_0980,2017,3,28,2
18485,mPOS,FMT_POS_0040,2017,3,28,2
18486,mPOS,FMT_POS_0060,2017,3,28,2
18553,mPOS,FMT_POS_0190,2017,3,28,2
19760,mPOS,FMT_POS_0020,2017,3,28,2
19782,mPOS,FMT_PA_0780,2017,3,28,2
19783,mPOS,FMT_PA_0790,2017,3,28,2
19788,mPOS,FMT_CLM_0010,2017,3,28,2
19791,mPOS,FMT_PA_0910,2017,3,28,2
19794,mPOS,FMT_POS_0130,2017,3,28,2
19795,mPOS,FMT_POS_1670 ,2017,3,28,2
19832,mPOS,FMT_POS_0070,2017,3,28,2
19833,mPOS,FMT_POS_0080,2017,3,28,2
19834,mPOS,FMT_POS_0090,2017,3,28,2
19836,mPOS,FMT_POS_0310,2017,3,28,2
19837,mPOS,FMT_POS_0100,2017,3,28,2
19838,mPOS,FMT_POS_0110,2017,3,28,2
19839,mPOS,FMT_POS_0340,2017,3,28,2
19841,mPOS,FMT_POS_0470,2017,3,28,2
19842,mPOS,FMT_POS_0150,2017,3,28,2
19843,mPOS,FMT_POS_0360,2017,3,28,2
19844,mPOS,FMT_POS_0180,2017,3,28,2
19845,mPOS,FMT_POS_0270,2017,3,28,2
19846,mPOS,FMT_POS_0290,2017,3,28,2
19847,mPOS,FMT_POS_0320,2017,3,28,2
19848,mPOS,FMT_POS_1570,2017,3,28,2
19849,mPOS,FMT_POS_7210,2017,3,28,2
19850,mPOS,FMT_POS_7220,2017,3,28,2
19851,mPOS,FMT_POS_7230,2017,3,28,2
20019,mPOS,FMT_PA_0760,2017,3,28,2
20720,mPOS,FMT_POS_7160,2017,3,28,2
20721,mPOS,FMT_SC_6280,2017,3,28,2
20722,mPOS,FMT_SC_6840,2017,3,28,2
20723,mPOS,FMT_SC_6850,2017,3,28,2
17478,mPOS,report001,2017,3,29,3
17494,mPOS,FMT_UNB_0090,2017,3,29,3
18202,mPOS,FMT_POS_0070,2017,3,29,3
18203,mPOS,FMT_POS_0080,2017,3,29,3
18204,mPOS,FMT_POS_0090,2017,3,29,3
18205,mPOS,FMT_POS_0060,2017,3,29,3
18206,mPOS,FMT_POS_0310,2017,3,29,3
18207,mPOS,FMT_POS_0100,2017,3,29,3
18208,mPOS,FMT_POS_0110,2017,3,29,3
18209,mPOS,FMT_POS_0340,2017,3,29,3
18210,mPOS,FMT_POS_0130,2017,3,29,3
18211,mPOS,FMT_POS_0470,2017,3,29,3
18212,mPOS,FMT_POS_0150,2017,3,29,3
18213,mPOS,FMT_POS_0360,2017,3,29,3
18214,mPOS,FMT_POS_0180,2017,3,29,3
18215,mPOS,FMT_POS_0270,2017,3,29,3
18216,mPOS,FMT_POS_0290,2017,3,29,3
18217,mPOS,FMT_POS_0320,2017,3,29,3
18218,mPOS,FMT_POS_1570,2017,3,29,3
18219,mPOS,FMT_POS_7210,2017,3,29,3
18220,mPOS,FMT_POS_7220,2017,3,29,3
18221,mPOS,FMT_POS_7230,2017,3,29,3
18222,mPOS,FMT_POS_1670,2017,3,29,3
18223,mPOS,FMT_PA_0850,2017,3,29,3
18224,mPOS,FMT_PA_0851,2017,3,29,3
18225,mPOS,FMT_PA_0852,2017,3,29,3
18226,mPOS,FMT_PA_0853,2017,3,29,3
18227,mPOS,FMT_PA_0854,2017,3,29,3
18228,mPOS,FMT_PA_0855,2017,3,29,3
18229,mPOS,FMT_PA_0930,2017,3,29,3
18230,mPOS,FMT_PA_0750,2017,3,29,3
18231,mPOS,FMT_PA_0780,2017,3,29,3
18232,mPOS,FMT_PA_0790,2017,3,29,3
18233,mPOS,FMT_PA_0710,2017,3,29,3
18281,mPOS,FMT_PA_0950,2017,3,29,3
18282,mPOS,FMT_PA_0760,2017,3,29,3
18284,mPOS,FMT_UNB_0650,2017,3,29,3
18287,mPOS,FMT_UNB_0201,2017,3,29,3
18288,mPOS,FMT_UNB_0771,2017,3,29,3
18289,mPOS,FMT_UNB_0200,2017,3,29,3
18291,mPOS,FMT_UNB_0770,2017,3,29,3
18307,mPOS,FMT_POS_0190,2017,3,29,3
18363,mPOS,FMT_UNB_0370,2017,3,29,3
18364,mPOS,FMT_UNB_0363,2017,3,29,3
18634,mPOS,FMT_UNB_0670,2017,3,29,3
21228,mPOS,FMT_UNB_0091,2017,3,29,3
17499,mPOS,report001,2017,3,30,4
17627,mPOS,FMT_PA_0710,2017,3,30,4
17698,mPOS,FMT_UNB_0650,2017,3,30,4
17730,mPOS,FMT_UNB_0201,2017,3,30,4
17756,mPOS,FMT_POS_0070,2017,3,30,4
17757,mPOS,FMT_POS_0080,2017,3,30,4
17758,mPOS,FMT_POS_0090,2017,3,30,4
17759,mPOS,FMT_POS_0060,2017,3,30,4
17760,mPOS,FMT_POS_0310,2017,3,30,4
17761,mPOS,FMT_POS_0100,2017,3,30,4
17762,mPOS,FMT_POS_0110,2017,3,30,4
17763,mPOS,FMT_POS_0340,2017,3,30,4
17764,mPOS,FMT_POS_0130,2017,3,30,4
17765,mPOS,FMT_POS_0470,2017,3,30,4
17766,mPOS,FMT_POS_0150,2017,3,30,4
17767,mPOS,FMT_POS_0360,2017,3,30,4
17768,mPOS,FMT_POS_0180,2017,3,30,4
17769,mPOS,FMT_POS_0270,2017,3,30,4
17770,mPOS,FMT_POS_0290,2017,3,30,4
17771,mPOS,FMT_POS_0320,2017,3,30,4
17772,mPOS,FMT_POS_1570,2017,3,30,4
17773,mPOS,FMT_POS_7210,2017,3,30,4
17774,mPOS,FMT_POS_7220,2017,3,30,4
17775,mPOS,FMT_POS_7230,2017,3,30,4
17776,mPOS,FMT_POS_1670,2017,3,30,4
17777,mPOS,FMT_PA_0850,2017,3,30,4
17778,mPOS,FMT_PA_0851,2017,3,30,4
17779,mPOS,FMT_PA_0852,2017,3,30,4
17780,mPOS,FMT_PA_0853,2017,3,30,4
17781,mPOS,FMT_PA_0854,2017,3,30,4
17782,mPOS,FMT_PA_0855,2017,3,30,4
17783,mPOS,FMT_PA_0930,2017,3,30,4
17784,mPOS,FMT_PA_0750,2017,3,30,4
17785,mPOS,FMT_PA_0780,2017,3,30,4
17786,mPOS,FMT_PA_0790,2017,3,30,4
17848,mPOS,FMT_POS_0190,2017,3,30,4
17869,mPOS,FMT_UNB_0372,2017,3,30,4
17904,mPOS,FMT_UNB_0370,2017,3,30,4
18161,mPOS,FMT_POS_0020,2017,3,30,4
18169,mPOS,FMT_PA_0770,2017,3,30,4
20095,mPOS,FMT_UNB_0300,2017,3,30,4
20191,mPOS,FMT_UNB_0200,2017,3,30,4
20193,mPOS,FMT_UNB_0381,2017,3,30,4
20220,mPOS,FMT_UNB_0770,2017,3,30,4
20221,mPOS,FMT_UNB_0771,2017,3,30,4
20409,mPOS,FMT_UNB_0781,2017,3,30,4
20410,mPOS,FMT_UNB_0130,2017,3,30,4
17511,mPOS,report001,2017,3,31,5
17536,mPOS,FMT_POS_0190,2017,3,31,5
17553,mPOS,FMT_POS_0070,2017,3,31,5
17554,mPOS,FMT_POS_0080,2017,3,31,5
17555,mPOS,FMT_POS_0090,2017,3,31,5
17556,mPOS,FMT_POS_0060,2017,3,31,5
17557,mPOS,FMT_POS_0310,2017,3,31,5
17558,mPOS,FMT_POS_0100,2017,3,31,5
17559,mPOS,FMT_POS_0110,2017,3,31,5
17560,mPOS,FMT_POS_0340,2017,3,31,5
17561,mPOS,FMT_POS_0130,2017,3,31,5
17562,mPOS,FMT_POS_0470,2017,3,31,5
17563,mPOS,FMT_POS_0150,2017,3,31,5
17564,mPOS,FMT_POS_0360,2017,3,31,5
17565,mPOS,FMT_POS_0180,2017,3,31,5
17566,mPOS,FMT_POS_0270,2017,3,31,5
17567,mPOS,FMT_POS_0290,2017,3,31,5
17568,mPOS,FMT_POS_0320,2017,3,31,5
17569,mPOS,FMT_POS_1570,2017,3,31,5
17570,mPOS,FMT_POS_7210,2017,3,31,5
17571,mPOS,FMT_POS_7220,2017,3,31,5
17572,mPOS,FMT_POS_7230,2017,3,31,5
17573,mPOS,FMT_POS_1670,2017,3,31,5
17574,mPOS,FMT_PA_0850,2017,3,31,5
17575,mPOS,FMT_PA_0851,2017,3,31,5
17576,mPOS,FMT_PA_0852,2017,3,31,5
17577,mPOS,FMT_PA_0853,2017,3,31,5
17578,mPOS,FMT_PA_0854,2017,3,31,5
17579,mPOS,FMT_PA_0855,2017,3,31,5
17580,mPOS,FMT_PA_0930,2017,3,31,5
17581,mPOS,FMT_PA_0750,2017,3,31,5
17582,mPOS,FMT_PA_0780,2017,3,31,5
17583,mPOS,FMT_PA_0790,2017,3,31,5
17584,mPOS,FMT_PA_0710,2017,3,31,5
17630,mPOS,FMT_UNB_0771,2017,3,31,5
17708,mPOS,FMT_UNB_0201,2017,3,31,5
17710,mPOS,FMT_UNB_0770,2017,3,31,5
17713,mPOS,FMT_UNB_0200,2017,3,31,5
17835,mPOS,FMT_UNB_0091,2017,3,31,5
17862,mPOS,FMT_POS_0020,2017,3,31,5
17938,mPOS,FMT_UNB_0650,2017,3,31,5
17968,mPOS,FMT_UNB_065,2017,3,31,5
20790,mPOS,FMT_PA_0770,2017,3,31,5
21311,mPOS,FMT_UNB_0090,2017,4,3,1
21312,mPOS,FMT_UNB_0370,2017,4,3,1
21313,mPOS,FMT_UNB_0441,2017,4,3,1
21315,mPOS,FMT_UNB_0372,2017,4,3,1
23057,mPOS,FMT_UNB_0091,2017,4,3,1
23082,mPOS,FMT_UNB_0381,2017,4,3,1
23098,mPOS,FMT_UNB_0361,2017,4,3,1
23138,mPOS,FMT_UNB_0670,2017,4,3,1
21279,mPOS,report001,2017,4,5,3
21280,mPOS,FMT_POS_0130,2017,4,5,3
21298,mPOS,FMT_PA_0710,2017,4,5,3
21326,mPOS,FMT_UNB_0361,2017,4,5,3
21327,mPOS,FMT_UNB_0120,2017,4,5,3
21354,mPOS,FMT_UNB_0370,2017,4,5,3
21358,mPOS,FMT_POS_0070,2017,4,5,3
21359,mPOS,FMT_POS_0080,2017,4,5,3
21360,mPOS,FMT_POS_0090,2017,4,5,3
21361,mPOS,FMT_POS_0060,2017,4,5,3
21362,mPOS,FMT_POS_0310,2017,4,5,3
21363,mPOS,FMT_POS_0100,2017,4,5,3
21364,mPOS,FMT_POS_0110,2017,4,5,3
21365,mPOS,FMT_POS_0340,2017,4,5,3
21367,mPOS,FMT_POS_0470,2017,4,5,3
21368,mPOS,FMT_POS_0150,2017,4,5,3
21369,mPOS,FMT_POS_0360,2017,4,5,3
21370,mPOS,FMT_POS_0180,2017,4,5,3
21371,mPOS,FMT_POS_0270,2017,4,5,3
21372,mPOS,FMT_POS_0290,2017,4,5,3
21373,mPOS,FMT_POS_0320,2017,4,5,3
21374,mPOS,FMT_POS_1570,2017,4,5,3
21375,mPOS,FMT_POS_7210,2017,4,5,3
21376,mPOS,FMT_POS_7220,2017,4,5,3
21377,mPOS,FMT_POS_7230,2017,4,5,3
21378,mPOS,FMT_POS_1670,2017,4,5,3
21379,mPOS,FMT_PA_0850,2017,4,5,3
21380,mPOS,FMT_PA_0851,2017,4,5,3
21381,mPOS,FMT_PA_0852,2017,4,5,3
21382,mPOS,FMT_PA_0853,2017,4,5,3
21383,mPOS,FMT_PA_0854,2017,4,5,3
21384,mPOS,FMT_PA_0855,2017,4,5,3
21385,mPOS,FMT_PA_0930,2017,4,5,3
21386,mPOS,FMT_PA_0750,2017,4,5,3
21387,mPOS,FMT_PA_0780,2017,4,5,3
21388,mPOS,FMT_PA_0790,2017,4,5,3
21390,mPOS,FMT_UNB_0650,2017,4,5,3
21405,mPOS,FMT_UNB_0781,2017,4,5,3
21416,mPOS,FMT_UNB_0372,2017,4,5,3
21417,mPOS,FMT_UNB_0090,2017,4,5,3
21419,mPOS,FMT_POS_0190,2017,4,5,3
21420,mPOS,FMT_UNB_0091,2017,4,5,3
21522,mPOS,FMT_UNB_0310,2017,4,5,3
21529,mPOS,FMT_UNB_0372-1703010016104,2017,4,5,3
21617,mPOS,FMT_POS_0040,2017,4,5,3
21618,mPOS,FMT_PA_0980,2017,4,5,3
21619,mPOS,FMT_PA_0910,2017,4,5,3
21622,mPOS,FMT_SC_6840,2017,4,5,3
21623,mPOS,FMT_SC_6850,2017,4,5,3
21624,mPOS,FMT_CLM_0010,2017,4,5,3
21737,mPOS,FMT_UNB_0201,2017,4,5,3
25722,mPOS,FMT_UNB_0441,2017,4,5,3
21336,mPOS,report001,2017,4,6,4
21357,mPOS,FMT_PA_0710,2017,4,6,4
21496,mPOS,FMT_UNB_0670,2017,4,6,4
21525,mPOS,FMT_UNB_0660,2017,4,6,4
21640,mPOS,FMT_UNB_0091,2017,4,6,4
21710,mPOS,FMT_UNB_0370,2017,4,6,4
21711,mPOS,FMT_UNB_0310,2017,4,6,4
21722,mPOS,FMT_POS_0190,2017,4,6,4
22350,mPOS,FMT_UNB_0363,2017,4,6,4
22352,mPOS,FMT_POS_0020,2017,4,6,4
22363,mPOS,FMT_UNB_0361,2017,4,6,4
22371,mPOS,FMT_POS_0070,2017,4,6,4
22372,mPOS,FMT_POS_0080,2017,4,6,4
22373,mPOS,FMT_POS_0090,2017,4,6,4
22374,mPOS,FMT_POS_0060,2017,4,6,4
22375,mPOS,FMT_POS_0310,2017,4,6,4
22376,mPOS,FMT_POS_0100,2017,4,6,4
22377,mPOS,FMT_POS_0110,2017,4,6,4
22378,mPOS,FMT_POS_0340,2017,4,6,4
22379,mPOS,FMT_POS_0130,2017,4,6,4
22380,mPOS,FMT_POS_0470,2017,4,6,4
22381,mPOS,FMT_POS_0150,2017,4,6,4
22382,mPOS,FMT_POS_0360,2017,4,6,4
22383,mPOS,FMT_POS_0180,2017,4,6,4
22384,mPOS,FMT_POS_0270,2017,4,6,4
22385,mPOS,FMT_POS_0290,2017,4,6,4
22386,mPOS,FMT_POS_0320,2017,4,6,4
22387,mPOS,FMT_POS_1570,2017,4,6,4
22388,mPOS,FMT_POS_7210,2017,4,6,4
22389,mPOS,FMT_POS_7220,2017,4,6,4
22390,mPOS,FMT_POS_7230,2017,4,6,4
22391,mPOS,FMT_POS_1670,2017,4,6,4
22392,mPOS,FMT_PA_0850,2017,4,6,4
22393,mPOS,FMT_PA_0851,2017,4,6,4
22394,mPOS,FMT_PA_0852,2017,4,6,4
22395,mPOS,FMT_PA_0853,2017,4,6,4
22396,mPOS,FMT_PA_0854,2017,4,6,4
22397,mPOS,FMT_PA_0855,2017,4,6,4
22398,mPOS,FMT_PA_0930,2017,4,6,4
22399,mPOS,FMT_PA_0750,2017,4,6,4
22400,mPOS,FMT_PA_0780,2017,4,6,4
22401,mPOS,FMT_PA_0790,2017,4,6,4
23149,mPOS,FMT_UNB_0781,2017,4,6,4
23161,mPOS,FMT_UNB_0650,2017,4,6,4
23260,mPOS,FMT_UNB_0120,2017,4,6,4
23224,mPOS,report001,2017,4,7,5
23227,mPOS,FMT_POS_0190,2017,4,7,5
23325,mPOS,FMT_POS_0070,2017,4,7,5
23326,mPOS,FMT_POS_0080,2017,4,7,5
23327,mPOS,FMT_POS_0090,2017,4,7,5
23328,mPOS,FMT_POS_0060,2017,4,7,5
23329,mPOS,FMT_POS_0310,2017,4,7,5
23330,mPOS,FMT_POS_0100,2017,4,7,5
23331,mPOS,FMT_POS_0110,2017,4,7,5
23332,mPOS,FMT_POS_0340,2017,4,7,5
23333,mPOS,FMT_POS_0130,2017,4,7,5
23334,mPOS,FMT_POS_0470,2017,4,7,5
23335,mPOS,FMT_POS_0150,2017,4,7,5
23336,mPOS,FMT_POS_0360,2017,4,7,5
23337,mPOS,FMT_POS_0180,2017,4,7,5
23338,mPOS,FMT_POS_0270,2017,4,7,5
23339,mPOS,FMT_POS_0290,2017,4,7,5
23340,mPOS,FMT_POS_0320,2017,4,7,5
23341,mPOS,FMT_POS_1570,2017,4,7,5
23342,mPOS,FMT_POS_7210,2017,4,7,5
23343,mPOS,FMT_POS_7220,2017,4,7,5
23344,mPOS,FMT_POS_7230,2017,4,7,5
23345,mPOS,FMT_POS_1670,2017,4,7,5
23346,mPOS,FMT_PA_0850,2017,4,7,5
23347,mPOS,FMT_PA_0851,2017,4,7,5
23348,mPOS,FMT_PA_0852,2017,4,7,5
23349,mPOS,FMT_PA_0853,2017,4,7,5
23350,mPOS,FMT_PA_0854,2017,4,7,5
23351,mPOS,FMT_PA_0855,2017,4,7,5
23352,mPOS,FMT_PA_0930,2017,4,7,5
23353,mPOS,FMT_PA_0750,2017,4,7,5
23354,mPOS,FMT_PA_0780,2017,4,7,5
23355,mPOS,FMT_PA_0790,2017,4,7,5
23356,mPOS,FMT_PA_0710,2017,4,7,5
23719,mPOS,FMT_UNB_0650,2017,4,7,5
24219,mPOS,FMT_UNB_0670,2017,4,7,5
25184,mPOS,FMT_UNB_0660,2017,4,7,5
25751,mPOS,FMT_UNB_0310,2017,4,7,5
25973,mPOS,FMT_POS_190,2017,4,7,5
24413,mPOS,FMT_POS_0070,2017,4,8,6
24414,mPOS,FMT_POS_0080,2017,4,8,6
24415,mPOS,FMT_POS_0090,2017,4,8,6
24416,mPOS,FMT_POS_0060,2017,4,8,6
24417,mPOS,FMT_POS_0310,2017,4,8,6
24418,mPOS,FMT_POS_0100,2017,4,8,6
24419,mPOS,FMT_POS_0110,2017,4,8,6
24420,mPOS,FMT_POS_0340,2017,4,8,6
24421,mPOS,FMT_POS_0130,2017,4,8,6
24422,mPOS,FMT_POS_0470,2017,4,8,6
24423,mPOS,FMT_POS_0150,2017,4,8,6
24424,mPOS,FMT_POS_0360,2017,4,8,6
24425,mPOS,FMT_POS_0180,2017,4,8,6
24426,mPOS,FMT_POS_0270,2017,4,8,6
24427,mPOS,FMT_POS_0290,2017,4,8,6
24428,mPOS,FMT_POS_0320,2017,4,8,6
24429,mPOS,FMT_POS_1570,2017,4,8,6
24430,mPOS,FMT_POS_7210,2017,4,8,6
24431,mPOS,FMT_POS_7220,2017,4,8,6
24432,mPOS,FMT_POS_7230,2017,4,8,6
24433,mPOS,FMT_POS_1670,2017,4,8,6
24434,mPOS,FMT_PA_0850,2017,4,8,6
24435,mPOS,FMT_PA_0851,2017,4,8,6
24436,mPOS,FMT_PA_0852,2017,4,8,6
24437,mPOS,FMT_PA_0853,2017,4,8,6
24438,mPOS,FMT_PA_0854,2017,4,8,6
24439,mPOS,FMT_PA_0855,2017,4,8,6
24440,mPOS,FMT_PA_0930,2017,4,8,6
24441,mPOS,FMT_PA_0750,2017,4,8,6
24442,mPOS,FMT_PA_0780,2017,4,8,6
24443,mPOS,FMT_PA_0790,2017,4,8,6
24444,mPOS,FMT_PA_0710,2017,4,8,6
25604,mPOS,FMT_POS_0190,2017,4,8,6
22794,mPOS,FMT_POS_0190,2017,4,10,1
22795,mPOS,FMT_POS_0090,2017,4,10,1
22796,mPOS,FMT_POS_0180,2017,4,10,1
22797,mPOS,report001,2017,4,10,1
22804,mPOS,FMT_POS_0070,2017,4,10,1
22805,mPOS,FMT_POS_0080,2017,4,10,1
22807,mPOS,FMT_POS_0060,2017,4,10,1
22808,mPOS,FMT_POS_0310,2017,4,10,1
22809,mPOS,FMT_POS_0100,2017,4,10,1
22810,mPOS,FMT_POS_0110,2017,4,10,1
22811,mPOS,FMT_POS_0340,2017,4,10,1
22812,mPOS,FMT_POS_0130,2017,4,10,1
22813,mPOS,FMT_POS_0470,2017,4,10,1
22814,mPOS,FMT_POS_0150,2017,4,10,1
22815,mPOS,FMT_POS_0360,2017,4,10,1
22817,mPOS,FMT_POS_0270,2017,4,10,1
22818,mPOS,FMT_POS_0290,2017,4,10,1
22819,mPOS,FMT_POS_0320,2017,4,10,1
22820,mPOS,FMT_POS_1570,2017,4,10,1
22821,mPOS,FMT_POS_7210,2017,4,10,1
22822,mPOS,FMT_POS_7220,2017,4,10,1
22823,mPOS,FMT_POS_7230,2017,4,10,1
22824,mPOS,FMT_POS_1670,2017,4,10,1
22825,mPOS,FMT_PA_0850,2017,4,10,1
22826,mPOS,FMT_PA_0851,2017,4,10,1
22827,mPOS,FMT_PA_0852,2017,4,10,1
22828,mPOS,FMT_PA_0853,2017,4,10,1
22829,mPOS,FMT_PA_0854,2017,4,10,1
22830,mPOS,FMT_PA_0855,2017,4,10,1
22831,mPOS,FMT_PA_0930,2017,4,10,1
22832,mPOS,FMT_PA_0750,2017,4,10,1
22833,mPOS,FMT_PA_0780,2017,4,10,1
22834,mPOS,FMT_PA_0790,2017,4,10,1
22835,mPOS,FMT_PA_0710,2017,4,10,1
25978,mPOS,FMT_POS_190,2017,4,10,1
25992,mPOS,FMT_UNB_0090,2017,4,10,1
25993,mPOS,FMT_UNB_0091,2017,4,10,1
26403,mPOS,LS_SC_2100,2017,4,10,1
26404,mPOS,FMT_SC_2100,2017,4,10,1
26517,mPOS,FMT_UNB_0361,2017,4,10,1
26530,mPOS,FMT_UNB_0370,2017,4,10,1
26865,mPOS,FMT_POS_0250,2017,4,10,1
26998,mPOS,FMT_UNB_0660,2017,4,10,1
27726,mPOS,FMT_POS_7160,2017,4,10,1
26265,mPOS,FMT_POS_190,2017,4,11,2
26318,mPOS,FMT_POS_0190,2017,4,11,2
26326,mPOS,FMT_POS_0070,2017,4,11,2
26327,mPOS,FMT_POS_0080,2017,4,11,2
26328,mPOS,FMT_POS_0090,2017,4,11,2
26329,mPOS,FMT_POS_0060,2017,4,11,2
26330,mPOS,FMT_POS_0310,2017,4,11,2
26331,mPOS,FMT_POS_0100,2017,4,11,2
26332,mPOS,FMT_POS_0110,2017,4,11,2
26333,mPOS,FMT_POS_0340,2017,4,11,2
26334,mPOS,FMT_POS_0130,2017,4,11,2
26335,mPOS,FMT_POS_0470,2017,4,11,2
26336,mPOS,FMT_POS_0150,2017,4,11,2
26337,mPOS,FMT_POS_0360,2017,4,11,2
26338,mPOS,FMT_POS_0180,2017,4,11,2
26339,mPOS,FMT_POS_0270,2017,4,11,2
26340,mPOS,FMT_POS_0290,2017,4,11,2
26341,mPOS,FMT_POS_0320,2017,4,11,2
26342,mPOS,FMT_POS_1570,2017,4,11,2
26343,mPOS,FMT_POS_7210,2017,4,11,2
26344,mPOS,FMT_POS_7220,2017,4,11,2
26345,mPOS,FMT_POS_7230,2017,4,11,2
26346,mPOS,FMT_POS_1670,2017,4,11,2
26347,mPOS,FMT_PA_0850,2017,4,11,2
26348,mPOS,FMT_PA_0851,2017,4,11,2
26349,mPOS,FMT_PA_0852,2017,4,11,2
26350,mPOS,FMT_PA_0853,2017,4,11,2
26351,mPOS,FMT_PA_0854,2017,4,11,2
26352,mPOS,FMT_PA_0855,2017,4,11,2
26353,mPOS,FMT_PA_0930,2017,4,11,2
26354,mPOS,FMT_PA_0780,2017,4,11,2
26355,mPOS,FMT_PA_0790,2017,4,11,2
26356,mPOS,FMT_PA_0710,2017,4,11,2
26758,mPOS,report001,2017,4,11,2
27547,mPOS,FMT_PA_0750,2017,4,11,2
10553,mPOS,FMT_UNB_0670,2017,4,12,3
10569,mPOS,FMT_POS_0190,2017,4,12,3
12930,mPOS,FMT_UNB_0310,2017,4,12,3
26396,mPOS,FMT_POS_190,2017,4,12,3
26654,mPOS,FMT_UNB_0381,2017,4,12,3
26655,mPOS,FMT_UNB_0441,2017,4,12,3
26656,mPOS,FMT_UNB_0370,2017,4,12,3
26657,mPOS,report001,2017,4,12,3
26873,mPOS,FMT_PA_0920,2017,4,12,3
27968,mPOS,FMT_POS_0290,2017,4,13,4
27974,mPOS,FMT_POS_190,2017,4,13,4
28058,mPOS,FMT_POS_0190,2017,4,13,4
28334,mPOS,FMT_UNB_0381,2017,4,13,4
28335,mPOS,FMT_UNB_0441,2017,4,13,4
28426,mPOS,report001,2017,4,13,4
29048,mPOS,FMT_POS_0070,2017,4,13,4
29049,mPOS,FMT_POS_0080,2017,4,13,4
29050,mPOS,FMT_POS_0090,2017,4,13,4
29051,mPOS,FMT_POS_0060,2017,4,13,4
29052,mPOS,FMT_POS_0310,2017,4,13,4
29053,mPOS,FMT_POS_0100,2017,4,13,4
29054,mPOS,FMT_POS_0110,2017,4,13,4
29055,mPOS,FMT_POS_0340,2017,4,13,4
29056,mPOS,FMT_POS_0130,2017,4,13,4
29057,mPOS,FMT_POS_0470,2017,4,13,4
29058,mPOS,FMT_POS_0150,2017,4,13,4
29059,mPOS,FMT_POS_0360,2017,4,13,4
29060,mPOS,FMT_POS_0180,2017,4,13,4
29061,mPOS,FMT_POS_0270,2017,4,13,4
29063,mPOS,FMT_POS_0320,2017,4,13,4
29064,mPOS,FMT_POS_1570,2017,4,13,4
29065,mPOS,FMT_POS_7210,2017,4,13,4
29066,mPOS,FMT_POS_7220,2017,4,13,4
29067,mPOS,FMT_POS_7230,2017,4,13,4
29068,mPOS,FMT_POS_1670,2017,4,13,4
29069,mPOS,FMT_PA_0850,2017,4,13,4
29070,mPOS,FMT_PA_0851,2017,4,13,4
29071,mPOS,FMT_PA_0852,2017,4,13,4
29072,mPOS,FMT_PA_0853,2017,4,13,4
29073,mPOS,FMT_PA_0854,2017,4,13,4
29074,mPOS,FMT_PA_0855,2017,4,13,4
29075,mPOS,FMT_PA_0930,2017,4,13,4
29076,mPOS,FMT_PA_0780,2017,4,13,4
29077,mPOS,FMT_PA_0790,2017,4,13,4
29078,mPOS,FMT_PA_0710,2017,4,13,4
29837,mPOS,FMT_UNB_0310,2017,4,13,4
29875,mPOS,FMT_UNB_0370,2017,4,13,4
30220,mPOS,FMT_PA_0960,2017,4,13,4
27976,mPOS,FMT_POS_0070,2017,4,14,5
27977,mPOS,FMT_POS_0080,2017,4,14,5
27978,mPOS,FMT_POS_0090,2017,4,14,5
27979,mPOS,FMT_POS_0060,2017,4,14,5
27980,mPOS,FMT_POS_0310,2017,4,14,5
27981,mPOS,FMT_POS_0100,2017,4,14,5
27982,mPOS,FMT_POS_0110,2017,4,14,5
27983,mPOS,FMT_POS_0340,2017,4,14,5
27984,mPOS,FMT_POS_0130,2017,4,14,5
27985,mPOS,FMT_POS_0470,2017,4,14,5
27986,mPOS,FMT_POS_0150,2017,4,14,5
27987,mPOS,FMT_POS_0360,2017,4,14,5
27988,mPOS,FMT_POS_0180,2017,4,14,5
27989,mPOS,FMT_POS_0270,2017,4,14,5
27990,mPOS,FMT_POS_0290,2017,4,14,5
27991,mPOS,FMT_POS_0320,2017,4,14,5
27992,mPOS,FMT_POS_1570,2017,4,14,5
27993,mPOS,FMT_POS_7210,2017,4,14,5
27994,mPOS,FMT_POS_7220,2017,4,14,5
27995,mPOS,FMT_POS_7230,2017,4,14,5
27996,mPOS,FMT_POS_1670,2017,4,14,5
27997,mPOS,FMT_PA_0850,2017,4,14,5
27998,mPOS,FMT_PA_0851,2017,4,14,5
27999,mPOS,FMT_PA_0852,2017,4,14,5
28000,mPOS,FMT_PA_0853,2017,4,14,5
28001,mPOS,FMT_PA_0854,2017,4,14,5
28002,mPOS,FMT_PA_0855,2017,4,14,5
28003,mPOS,FMT_PA_0930,2017,4,14,5
28004,mPOS,FMT_PA_0780,2017,4,14,5
28005,mPOS,FMT_PA_0790,2017,4,14,5
28006,mPOS,FMT_PA_0710,2017,4,14,5
28039,mPOS,FMT_POS_190,2017,4,14,5
28043,mPOS,FMT_POS_0190,2017,4,14,5
28046,mPOS,report001,2017,4,14,5
29251,mPOS,FMT_PA_0960,2017,4,14,5
28781,mPOS,FMT_UNB_0370,2017,4,17,1
28794,mPOS,FMT_POS_0190,2017,4,17,1
28815,mPOS,FMT_POS_0070,2017,4,17,1
28816,mPOS,FMT_POS_0080,2017,4,17,1
28817,mPOS,FMT_POS_0090,2017,4,17,1
28818,mPOS,FMT_POS_0060,2017,4,17,1
28819,mPOS,FMT_POS_0310,2017,4,17,1
28820,mPOS,FMT_POS_0100,2017,4,17,1
28821,mPOS,FMT_POS_0110,2017,4,17,1
28822,mPOS,FMT_POS_0340,2017,4,17,1
28823,mPOS,FMT_POS_0130,2017,4,17,1
28824,mPOS,FMT_POS_0470,2017,4,17,1
28825,mPOS,FMT_POS_0150,2017,4,17,1
28826,mPOS,FMT_POS_0360,2017,4,17,1
28827,mPOS,FMT_POS_0180,2017,4,17,1
28828,mPOS,FMT_POS_0270,2017,4,17,1
28829,mPOS,FMT_POS_0290,2017,4,17,1
28830,mPOS,FMT_POS_0320,2017,4,17,1
28831,mPOS,FMT_POS_1570,2017,4,17,1
28832,mPOS,FMT_POS_7210,2017,4,17,1
28833,mPOS,FMT_POS_7220,2017,4,17,1
28834,mPOS,FMT_POS_7230,2017,4,17,1
28835,mPOS,FMT_POS_1670,2017,4,17,1
28836,mPOS,FMT_PA_0850,2017,4,17,1
28837,mPOS,FMT_PA_0851,2017,4,17,1
28838,mPOS,FMT_PA_0852,2017,4,17,1
28839,mPOS,FMT_PA_0853,2017,4,17,1
28840,mPOS,FMT_PA_0854,2017,4,17,1
28841,mPOS,FMT_PA_0855,2017,4,17,1
28842,mPOS,FMT_PA_0930,2017,4,17,1
28843,mPOS,FMT_PA_0780,2017,4,17,1
28844,mPOS,FMT_PA_0790,2017,4,17,1
28845,mPOS,FMT_PA_0710,2017,4,17,1
28867,mPOS,FMT_POS_190,2017,4,17,1
28880,mPOS,report001,2017,4,17,1
29502,mPOS,FMT_UNB_0670,2017,4,17,1
28784,mPOS,FMT_POS_190,2017,4,18,2
28786,mPOS,FMT_POS_0190,2017,4,18,2
28787,mPOS,FMT_PA_0920,2017,4,18,2
28788,mPOS,FMT_CLM_0010,2017,4,18,2
28789,mPOS,report001,2017,4,18,2
28866,mPOS,FMT_PA_0710,2017,4,18,2
29472,mPOS,FMT_PA_0850,2017,4,18,2
29489,mPOS,FMT_POS_0020,2017,4,18,2
30711,mPOS,FMT_POS_0070,2017,4,18,2
30712,mPOS,FMT_POS_0080,2017,4,18,2
30713,mPOS,FMT_POS_0090,2017,4,18,2
30714,mPOS,FMT_POS_0060,2017,4,18,2
30715,mPOS,FMT_POS_0310,2017,4,18,2
30716,mPOS,FMT_POS_0100,2017,4,18,2
30717,mPOS,FMT_POS_0110,2017,4,18,2
30718,mPOS,FMT_POS_0340,2017,4,18,2
30719,mPOS,FMT_POS_0130,2017,4,18,2
30720,mPOS,FMT_POS_0470,2017,4,18,2
30721,mPOS,FMT_POS_0150,2017,4,18,2
30722,mPOS,FMT_POS_0360,2017,4,18,2
30723,mPOS,FMT_POS_0180,2017,4,18,2
30724,mPOS,FMT_POS_0270,2017,4,18,2
30725,mPOS,FMT_POS_0290,2017,4,18,2
30726,mPOS,FMT_POS_0320,2017,4,18,2
30727,mPOS,FMT_POS_1570,2017,4,18,2
30728,mPOS,FMT_POS_7210,2017,4,18,2
30729,mPOS,FMT_POS_7220,2017,4,18,2
30730,mPOS,FMT_POS_7230,2017,4,18,2
30732,mPOS,FMT_PA_0851,2017,4,18,2
30733,mPOS,FMT_PA_0852,2017,4,18,2
30734,mPOS,FMT_PA_0853,2017,4,18,2
30735,mPOS,FMT_PA_0854,2017,4,18,2
30736,mPOS,FMT_PA_0855,2017,4,18,2
30737,mPOS,FMT_PA_0930,2017,4,18,2
30738,mPOS,FMT_PA_0780,2017,4,18,2
30739,mPOS,FMT_PA_0790,2017,4,18,2
30741,mPOS,FMT_POS_1670,2017,4,18,2
30800,mPOS,FMT_UNB_0370,2017,4,18,2
30948,mPOS,FMT_PA_0830,2017,4,18,2
30949,mPOS,FMT_POS_0430,2017,4,18,2
31015,mPOS,FMT_PA_0820,2017,4,18,2
31016,mPOS,FMT_FIN_1360,2017,4,18,2
190,mPOS,FMT_POS_190,2017,4,19,3
193,mPOS,FMT_POS_0290,2017,4,19,3
1446,mPOS,FMT_UNB_0370,2017,4,19,3
1449,mPOS,FMT_UNB_0361,2017,4,19,3
1529,mPOS,FMT_POS_7160,2017,4,19,3
1561,mPOS,FMT_POS_0070,2017,4,19,3
1562,mPOS,FMT_POS_0080,2017,4,19,3
1563,mPOS,FMT_POS_0090,2017,4,19,3
1564,mPOS,FMT_POS_0060,2017,4,19,3
1565,mPOS,FMT_POS_0310,2017,4,19,3
1566,mPOS,FMT_POS_0100,2017,4,19,3
1567,mPOS,FMT_POS_0110,2017,4,19,3
1568,mPOS,FMT_POS_0340,2017,4,19,3
1569,mPOS,FMT_POS_0130,2017,4,19,3
1570,mPOS,FMT_POS_0470,2017,4,19,3
1571,mPOS,FMT_POS_0150,2017,4,19,3
1572,mPOS,FMT_POS_0360,2017,4,19,3
1573,mPOS,FMT_POS_0180,2017,4,19,3
1574,mPOS,FMT_POS_0270,2017,4,19,3
1576,mPOS,FMT_POS_0320,2017,4,19,3
1577,mPOS,FMT_POS_1570,2017,4,19,3
1578,mPOS,FMT_POS_7210,2017,4,19,3
1579,mPOS,FMT_POS_7220,2017,4,19,3
1580,mPOS,FMT_POS_7230,2017,4,19,3
1581,mPOS,FMT_PA_0850,2017,4,19,3
1582,mPOS,FMT_PA_0851,2017,4,19,3
1583,mPOS,FMT_PA_0852,2017,4,19,3
1584,mPOS,FMT_PA_0853,2017,4,19,3
1585,mPOS,FMT_PA_0854,2017,4,19,3
1586,mPOS,FMT_PA_0855,2017,4,19,3
1587,mPOS,FMT_PA_0930,2017,4,19,3
1588,mPOS,FMT_PA_0780,2017,4,19,3
1589,mPOS,FMT_PA_0790,2017,4,19,3
1590,mPOS,FMT_PA_0710,2017,4,19,3
1591,mPOS,FMT_POS_1670,2017,4,19,3
31556,mPOS,FMT_POS_0190,2017,4,19,3
30368,mPOS,FMT_UNB_0670,2017,4,20,4
30450,mPOS,FMT_POS_0190,2017,4,20,4
30585,mPOS,FMT_UNB_0370,2017,4,20,4
30593,mPOS,FMT_UNB_0120,2017,4,20,4
30603,mPOS,FMT_UNB_0310,2017,4,20,4
31242,mPOS,FMT_POS_0060,2017,4,20,4
31646,mPOS,report001,2017,4,20,4
31866,mPOS,FMT_POS_0070,2017,4,20,4
31867,mPOS,FMT_POS_0080,2017,4,20,4
31868,mPOS,FMT_POS_0090,2017,4,20,4
31870,mPOS,FMT_POS_0310,2017,4,20,4
31871,mPOS,FMT_POS_0100,2017,4,20,4
31872,mPOS,FMT_POS_0110,2017,4,20,4
31873,mPOS,FMT_POS_0340,2017,4,20,4
31874,mPOS,FMT_POS_0130,2017,4,20,4
31875,mPOS,FMT_POS_0470,2017,4,20,4
31876,mPOS,FMT_POS_0150,2017,4,20,4
31877,mPOS,FMT_POS_0360,2017,4,20,4
31878,mPOS,FMT_POS_0180,2017,4,20,4
31879,mPOS,FMT_POS_0270,2017,4,20,4
31880,mPOS,FMT_POS_0290,2017,4,20,4
31881,mPOS,FMT_POS_0320,2017,4,20,4
31882,mPOS,FMT_POS_1570,2017,4,20,4
31883,mPOS,FMT_POS_7210,2017,4,20,4
31884,mPOS,FMT_POS_7220,2017,4,20,4
31885,mPOS,FMT_POS_7230,2017,4,20,4
31886,mPOS,FMT_PA_0850,2017,4,20,4
31887,mPOS,FMT_PA_0851,2017,4,20,4
31888,mPOS,FMT_PA_0852,2017,4,20,4
31889,mPOS,FMT_PA_0853,2017,4,20,4
31890,mPOS,FMT_PA_0854,2017,4,20,4
31891,mPOS,FMT_PA_0855,2017,4,20,4
31892,mPOS,FMT_PA_0930,2017,4,20,4
31893,mPOS,FMT_PA_0780,2017,4,20,4
31894,mPOS,FMT_PA_0790,2017,4,20,4
31895,mPOS,FMT_PA_0710,2017,4,20,4
31896,mPOS,FMT_POS_1670,2017,4,20,4
32142,mPOS,FMT_UNB_0363,2017,4,20,4
30346,mPOS,report001,2017,4,21,5
30396,mPOS,LS_SC_0240,2017,4,21,5
30398,mPOS,FMT_UNB_0091,2017,4,21,5
30436,mPOS,FMT_UNB_0372,2017,4,21,5
30440,mPOS,FMT_POS_0190,2017,4,21,5
30543,mPOS,FMT_UNB_0291,2017,4,21,5
30544,mPOS,FMT_UNB_0120,2017,4,21,5
30546,mPOS,FMT_UNB_0782,2017,4,21,5
30547,mPOS,FMT_UNB_0781,2017,4,21,5
30617,mPOS,FMT_UNB_0370,2017,4,21,5
31228,mPOS,FMT_UNB_0660,2017,4,21,5
31325,mPOS,FMT_POS_0060,2017,4,21,5
31326,mPOS,FMT_UNB_0361,2017,4,21,5
31371,mPOS,FMT_UNB_0670,2017,4,21,5
