,username,query_date,report_name,doc,start_date,end_date,is_period,query_date_year,query_date_month,query_date_day,query_date_weekday,doc_start_date_year,doc_start_date_month,doc_start_date_day,doc_start_date_weekday,doc_end_date_year,doc_end_date_month,doc_end_date_day,doc_end_date_weekday
262,000622,2017-02-14,000622,FMT_POS_0160,2017-01-03,2017-01-03,True,2017,2,14,2,2017,1,3,2,2017,1,3,2
263,000622,2017-02-14,000622,FMT_POS_0160,2017-01-03,2017-01-03,True,2017,2,14,2,2017,1,3,2,2017,1,3,2
265,000622,2017-02-14,000622,FMT_POS_0160,2017-01-03,2017-01-03,True,2017,2,14,2,2017,1,3,2,2017,1,3,2
266,000622,2017-02-14,000622,FMT_POS_0160,2017-01-03,2017-01-03,True,2017,2,14,2,2017,1,3,2,2017,1,3,2
267,000622,2017-02-14,000622,FMT_POS_0160,2017-01-03,2017-01-03,True,2017,2,14,2,2017,1,3,2,2017,1,3,2
268,000622,2017-02-14,000622,FMT_POS_0160,2017-01-03,2017-01-03,True,2017,2,14,2,2017,1,3,2,2017,1,3,2
