,username,doc,query_date_year,query_date_month,query_date_day,query_date_weekday
8024,CSIS-SIT3,FMT_POS_0320,2017,3,6,1
8051,CSIS-SIT3,FMT_POS_1570,2017,3,6,1
8052,CSIS-SIT3,FMT_POS_0360,2017,3,6,1
8781,CSIS-SIT3,FMT_POS_0340,2017,3,6,1
8782,CSIS-SIT3,FMT_POS_0100,2017,3,6,1
8784,CSIS-SIT3,FMT_PA_0790,2017,3,6,1
8785,CSIS-SIT3,FMT_POS_7230,2017,3,6,1
8786,CSIS-SIT3,FMT_POS_7210,2017,3,6,1
8787,CSIS-SIT3,FMT_PA_0750,2017,3,6,1
8788,CSIS-SIT3,FMT_POS_0080,2017,3,6,1
8789,CSIS-SIT3,FMT_PA_0850,2017,3,6,1
8790,CSIS-SIT3,FMT_POS_0060,2017,3,6,1
8791,CSIS-SIT3,ODS_POS_1670,2017,3,6,1
8792,CSIS-SIT3,FMT_POS_0180,2017,3,6,1
8793,CSIS-SIT3,FMT_POS_0150,2017,3,6,1
8794,CSIS-SIT3,FMT_POS_0270,2017,3,6,1
8795,CSIS-SIT3,FMT_POS_0130,2017,3,6,1
8796,CSIS-SIT3,FMT_POS_0470,2017,3,6,1
8797,CSIS-SIT3,FMT_POS_0110,2017,3,6,1
8798,CSIS-SIT3,FMT_POS_0310,2017,3,6,1
8799,CSIS-SIT3,ODS_POS_7160,2017,3,6,1
8800,CSIS-SIT3,FMT_PA_0780,2017,3,6,1
8801,CSIS-SIT3,FMT_POS_7220,2017,3,6,1
8802,CSIS-SIT3,FMT_POS_0090,2017,3,6,1
8803,CSIS-SIT3,FMT_POS_0070,2017,3,6,1
8804,CSIS-SIT3,FMT_POS_0290,2017,3,6,1
8805,CSIS-SIT3,FMT_PA_0710,2017,3,6,1
8806,CSIS-SIT3,FMT_PA_0853,2017,3,6,1
8807,CSIS-SIT3,FMT_PA_0930,2017,3,6,1
8808,CSIS-SIT3,FMT_PA_0854,2017,3,6,1
8809,CSIS-SIT3,FMT_PA_0851,2017,3,6,1
8810,CSIS-SIT3,FMT_PA_0852,2017,3,6,1
8811,CSIS-SIT3,FMT_PA_0855,2017,3,6,1
4542,CSIS-SIT3,FMT_POS_0150,2017,3,7,2
4543,CSIS-SIT3,FMT_POS_0270,2017,3,7,2
4544,CSIS-SIT3,FMT_POS_0130,2017,3,7,2
4545,CSIS-SIT3,FMT_POS_0360,2017,3,7,2
4546,CSIS-SIT3,FMT_POS_0470,2017,3,7,2
4547,CSIS-SIT3,FMT_POS_1570,2017,3,7,2
4548,CSIS-SIT3,FMT_POS_0110,2017,3,7,2
4549,CSIS-SIT3,FMT_POS_0340,2017,3,7,2
4550,CSIS-SIT3,FMT_POS_0310,2017,3,7,2
4551,CSIS-SIT3,FMT_POS_0100,2017,3,7,2
4552,CSIS-SIT3,FMT_POS_0320,2017,3,7,2
4553,CSIS-SIT3,FMT_POS_7230,2017,3,7,2
4554,CSIS-SIT3,FMT_POS_7220,2017,3,7,2
4555,CSIS-SIT3,FMT_POS_7210,2017,3,7,2
4556,CSIS-SIT3,FMT_POS_0080,2017,3,7,2
4557,CSIS-SIT3,FMT_POS_0090,2017,3,7,2
4558,CSIS-SIT3,FMT_POS_0060,2017,3,7,2
4559,CSIS-SIT3,FMT_POS_0070,2017,3,7,2
4560,CSIS-SIT3,FMT_POS_0180,2017,3,7,2
4561,CSIS-SIT3,FMT_POS_0290,2017,3,7,2
4329,CSIS-SIT3,FMT_POS_0150,2017,3,8,3
4330,CSIS-SIT3,FMT_POS_0270,2017,3,8,3
4331,CSIS-SIT3,FMT_POS_0130,2017,3,8,3
4332,CSIS-SIT3,FMT_POS_0360,2017,3,8,3
4333,CSIS-SIT3,FMT_POS_0470,2017,3,8,3
4334,CSIS-SIT3,FMT_POS_1570,2017,3,8,3
4335,CSIS-SIT3,FMT_POS_0110,2017,3,8,3
4336,CSIS-SIT3,FMT_POS_0340,2017,3,8,3
4337,CSIS-SIT3,FMT_POS_0310,2017,3,8,3
4338,CSIS-SIT3,FMT_POS_0100,2017,3,8,3
4339,CSIS-SIT3,FMT_POS_0320,2017,3,8,3
4340,CSIS-SIT3,FMT_POS_7230,2017,3,8,3
4341,CSIS-SIT3,FMT_POS_7220,2017,3,8,3
4342,CSIS-SIT3,FMT_POS_7210,2017,3,8,3
4343,CSIS-SIT3,FMT_POS_0080,2017,3,8,3
4344,CSIS-SIT3,FMT_POS_0090,2017,3,8,3
4345,CSIS-SIT3,FMT_POS_0060,2017,3,8,3
4346,CSIS-SIT3,FMT_POS_0070,2017,3,8,3
4347,CSIS-SIT3,FMT_POS_0180,2017,3,8,3
4348,CSIS-SIT3,FMT_POS_0290,2017,3,8,3
4565,CSIS-SIT3,FMT_POS_0150,2017,3,9,4
4566,CSIS-SIT3,FMT_POS_0270,2017,3,9,4
4567,CSIS-SIT3,FMT_POS_0130,2017,3,9,4
4568,CSIS-SIT3,FMT_POS_0360,2017,3,9,4
4569,CSIS-SIT3,FMT_POS_0470,2017,3,9,4
4570,CSIS-SIT3,FMT_POS_1570,2017,3,9,4
4571,CSIS-SIT3,FMT_POS_0110,2017,3,9,4
4572,CSIS-SIT3,FMT_POS_0340,2017,3,9,4
4573,CSIS-SIT3,FMT_POS_0310,2017,3,9,4
4574,CSIS-SIT3,FMT_POS_0100,2017,3,9,4
4575,CSIS-SIT3,FMT_POS_0320,2017,3,9,4
4576,CSIS-SIT3,FMT_POS_7230,2017,3,9,4
4577,CSIS-SIT3,FMT_POS_7220,2017,3,9,4
4578,CSIS-SIT3,FMT_POS_7210,2017,3,9,4
4579,CSIS-SIT3,FMT_POS_0080,2017,3,9,4
4580,CSIS-SIT3,FMT_POS_0090,2017,3,9,4
4581,CSIS-SIT3,FMT_POS_0060,2017,3,9,4
4582,CSIS-SIT3,FMT_POS_0070,2017,3,9,4
4583,CSIS-SIT3,FMT_POS_0180,2017,3,9,4
4584,CSIS-SIT3,FMT_POS_0290,2017,3,9,4
5070,CSIS-SIT3,FMT_POS_0150,2017,3,10,5
5071,CSIS-SIT3,FMT_POS_0270,2017,3,10,5
5072,CSIS-SIT3,FMT_POS_0130,2017,3,10,5
5073,CSIS-SIT3,FMT_POS_0360,2017,3,10,5
5074,CSIS-SIT3,FMT_POS_0470,2017,3,10,5
5075,CSIS-SIT3,FMT_POS_1570,2017,3,10,5
5076,CSIS-SIT3,FMT_POS_0110,2017,3,10,5
5077,CSIS-SIT3,FMT_POS_0340,2017,3,10,5
5078,CSIS-SIT3,FMT_POS_0310,2017,3,10,5
5079,CSIS-SIT3,FMT_POS_0100,2017,3,10,5
5080,CSIS-SIT3,FMT_POS_0320,2017,3,10,5
5081,CSIS-SIT3,FMT_POS_7230,2017,3,10,5
5082,CSIS-SIT3,FMT_POS_7220,2017,3,10,5
5083,CSIS-SIT3,FMT_POS_7210,2017,3,10,5
5084,CSIS-SIT3,FMT_POS_0080,2017,3,10,5
5085,CSIS-SIT3,FMT_POS_0090,2017,3,10,5
5086,CSIS-SIT3,FMT_POS_0060,2017,3,10,5
5087,CSIS-SIT3,FMT_POS_0070,2017,3,10,5
5088,CSIS-SIT3,FMT_POS_0180,2017,3,10,5
5089,CSIS-SIT3,FMT_POS_0290,2017,3,10,5
10797,CSIS-SIT3,FMT_POS_0150,2017,3,14,2
10798,CSIS-SIT3,FMT_POS_0270,2017,3,14,2
10799,CSIS-SIT3,FMT_POS_0130,2017,3,14,2
10800,CSIS-SIT3,FMT_POS_0360,2017,3,14,2
10801,CSIS-SIT3,FMT_POS_0470,2017,3,14,2
10802,CSIS-SIT3,FMT_POS_1570,2017,3,14,2
10803,CSIS-SIT3,FMT_POS_0110,2017,3,14,2
10804,CSIS-SIT3,FMT_POS_0340,2017,3,14,2
10805,CSIS-SIT3,FMT_POS_0310,2017,3,14,2
10806,CSIS-SIT3,FMT_POS_0100,2017,3,14,2
10807,CSIS-SIT3,FMT_POS_0320,2017,3,14,2
10808,CSIS-SIT3,FMT_POS_7230,2017,3,14,2
10809,CSIS-SIT3,FMT_POS_7220,2017,3,14,2
10810,CSIS-SIT3,FMT_POS_7210,2017,3,14,2
10811,CSIS-SIT3,FMT_POS_0080,2017,3,14,2
10812,CSIS-SIT3,FMT_POS_0090,2017,3,14,2
10813,CSIS-SIT3,FMT_POS_0060,2017,3,14,2
10814,CSIS-SIT3,FMT_POS_0070,2017,3,14,2
10815,CSIS-SIT3,FMT_POS_0180,2017,3,14,2
10816,CSIS-SIT3,FMT_POS_0290,2017,3,14,2
11597,CSIS-SIT3,FMT_POS_0150,2017,3,15,3
11598,CSIS-SIT3,FMT_POS_0270,2017,3,15,3
11599,CSIS-SIT3,FMT_POS_0130,2017,3,15,3
11600,CSIS-SIT3,FMT_POS_0360,2017,3,15,3
11601,CSIS-SIT3,FMT_POS_0470,2017,3,15,3
11602,CSIS-SIT3,FMT_POS_1570,2017,3,15,3
11603,CSIS-SIT3,FMT_POS_0110,2017,3,15,3
11604,CSIS-SIT3,FMT_POS_0340,2017,3,15,3
11605,CSIS-SIT3,FMT_POS_0310,2017,3,15,3
11606,CSIS-SIT3,FMT_POS_0100,2017,3,15,3
11607,CSIS-SIT3,FMT_POS_0320,2017,3,15,3
11608,CSIS-SIT3,FMT_POS_7230,2017,3,15,3
11609,CSIS-SIT3,FMT_POS_7220,2017,3,15,3
11610,CSIS-SIT3,FMT_POS_7210,2017,3,15,3
11611,CSIS-SIT3,FMT_POS_0080,2017,3,15,3
11612,CSIS-SIT3,FMT_POS_0090,2017,3,15,3
11613,CSIS-SIT3,FMT_POS_0060,2017,3,15,3
11614,CSIS-SIT3,FMT_POS_0070,2017,3,15,3
11615,CSIS-SIT3,FMT_POS_0180,2017,3,15,3
11616,CSIS-SIT3,FMT_POS_0290,2017,3,15,3
12708,CSIS-SIT3,FMT_POS_0150,2017,3,16,4
12709,CSIS-SIT3,FMT_POS_0270,2017,3,16,4
12710,CSIS-SIT3,FMT_POS_0130,2017,3,16,4
12711,CSIS-SIT3,FMT_POS_0360,2017,3,16,4
12712,CSIS-SIT3,FMT_POS_0470,2017,3,16,4
12713,CSIS-SIT3,FMT_POS_1570,2017,3,16,4
12714,CSIS-SIT3,FMT_POS_0110,2017,3,16,4
12715,CSIS-SIT3,FMT_POS_0340,2017,3,16,4
12716,CSIS-SIT3,FMT_POS_0310,2017,3,16,4
12717,CSIS-SIT3,FMT_POS_0100,2017,3,16,4
12718,CSIS-SIT3,FMT_POS_0320,2017,3,16,4
12719,CSIS-SIT3,FMT_POS_7230,2017,3,16,4
12720,CSIS-SIT3,FMT_POS_7220,2017,3,16,4
12721,CSIS-SIT3,FMT_POS_7210,2017,3,16,4
12722,CSIS-SIT3,FMT_POS_0080,2017,3,16,4
12723,CSIS-SIT3,FMT_POS_0090,2017,3,16,4
12724,CSIS-SIT3,FMT_POS_0060,2017,3,16,4
12725,CSIS-SIT3,FMT_POS_0070,2017,3,16,4
12726,CSIS-SIT3,FMT_POS_0180,2017,3,16,4
12727,CSIS-SIT3,FMT_POS_0290,2017,3,16,4
12230,CSIS-SIT3,FMT_POS_0150,2017,3,17,5
12231,CSIS-SIT3,FMT_POS_0270,2017,3,17,5
12232,CSIS-SIT3,FMT_POS_0130,2017,3,17,5
12233,CSIS-SIT3,FMT_POS_0360,2017,3,17,5
12234,CSIS-SIT3,FMT_POS_0470,2017,3,17,5
12235,CSIS-SIT3,FMT_POS_1570,2017,3,17,5
12236,CSIS-SIT3,FMT_POS_0110,2017,3,17,5
12237,CSIS-SIT3,FMT_POS_0340,2017,3,17,5
12238,CSIS-SIT3,FMT_POS_0310,2017,3,17,5
12239,CSIS-SIT3,FMT_POS_0100,2017,3,17,5
12240,CSIS-SIT3,FMT_POS_0320,2017,3,17,5
12241,CSIS-SIT3,FMT_POS_7230,2017,3,17,5
12242,CSIS-SIT3,FMT_POS_7220,2017,3,17,5
12243,CSIS-SIT3,FMT_POS_7210,2017,3,17,5
12244,CSIS-SIT3,FMT_POS_0080,2017,3,17,5
12245,CSIS-SIT3,FMT_POS_0090,2017,3,17,5
12246,CSIS-SIT3,FMT_POS_0060,2017,3,17,5
12247,CSIS-SIT3,FMT_POS_0070,2017,3,17,5
12248,CSIS-SIT3,FMT_POS_0180,2017,3,17,5
12249,CSIS-SIT3,FMT_POS_0290,2017,3,17,5
16018,CSIS-SIT3,FMT_POS_0150,2017,3,21,2
16019,CSIS-SIT3,FMT_POS_0270,2017,3,21,2
16020,CSIS-SIT3,FMT_POS_0130,2017,3,21,2
16021,CSIS-SIT3,FMT_POS_0360,2017,3,21,2
16022,CSIS-SIT3,FMT_POS_0470,2017,3,21,2
16023,CSIS-SIT3,FMT_POS_1570,2017,3,21,2
16024,CSIS-SIT3,FMT_POS_0110,2017,3,21,2
16025,CSIS-SIT3,FMT_POS_0340,2017,3,21,2
16026,CSIS-SIT3,FMT_POS_0310,2017,3,21,2
16027,CSIS-SIT3,FMT_POS_0100,2017,3,21,2
16028,CSIS-SIT3,FMT_POS_0320,2017,3,21,2
16029,CSIS-SIT3,FMT_POS_7230,2017,3,21,2
16030,CSIS-SIT3,FMT_POS_7220,2017,3,21,2
16031,CSIS-SIT3,FMT_POS_7210,2017,3,21,2
16032,CSIS-SIT3,FMT_POS_0080,2017,3,21,2
16033,CSIS-SIT3,FMT_POS_0090,2017,3,21,2
16034,CSIS-SIT3,FMT_POS_0060,2017,3,21,2
16035,CSIS-SIT3,FMT_POS_0070,2017,3,21,2
16036,CSIS-SIT3,FMT_POS_0180,2017,3,21,2
16037,CSIS-SIT3,FMT_POS_0290,2017,3,21,2
15895,CSIS-SIT3,FMT_POS_0150,2017,3,22,3
15896,CSIS-SIT3,FMT_POS_0270,2017,3,22,3
15897,CSIS-SIT3,FMT_POS_0130,2017,3,22,3
15898,CSIS-SIT3,FMT_POS_0360,2017,3,22,3
15899,CSIS-SIT3,FMT_POS_0470,2017,3,22,3
15900,CSIS-SIT3,FMT_POS_1570,2017,3,22,3
15901,CSIS-SIT3,FMT_POS_0110,2017,3,22,3
15902,CSIS-SIT3,FMT_POS_0340,2017,3,22,3
15903,CSIS-SIT3,FMT_POS_0310,2017,3,22,3
15904,CSIS-SIT3,FMT_POS_0100,2017,3,22,3
15905,CSIS-SIT3,FMT_POS_0320,2017,3,22,3
15906,CSIS-SIT3,FMT_POS_7230,2017,3,22,3
15907,CSIS-SIT3,FMT_POS_7220,2017,3,22,3
15908,CSIS-SIT3,FMT_POS_7210,2017,3,22,3
15909,CSIS-SIT3,FMT_POS_0080,2017,3,22,3
15910,CSIS-SIT3,FMT_POS_0090,2017,3,22,3
15911,CSIS-SIT3,FMT_POS_0060,2017,3,22,3
15912,CSIS-SIT3,FMT_POS_0070,2017,3,22,3
15913,CSIS-SIT3,FMT_POS_0180,2017,3,22,3
15914,CSIS-SIT3,FMT_POS_0290,2017,3,22,3
16281,CSIS-SIT3,FMT_POS_0150,2017,3,23,4
16282,CSIS-SIT3,FMT_POS_0270,2017,3,23,4
16283,CSIS-SIT3,FMT_POS_0130,2017,3,23,4
16284,CSIS-SIT3,FMT_POS_0360,2017,3,23,4
16285,CSIS-SIT3,FMT_POS_0470,2017,3,23,4
16286,CSIS-SIT3,FMT_POS_1570,2017,3,23,4
16287,CSIS-SIT3,FMT_POS_0110,2017,3,23,4
16288,CSIS-SIT3,FMT_POS_0340,2017,3,23,4
16289,CSIS-SIT3,FMT_POS_0310,2017,3,23,4
16290,CSIS-SIT3,FMT_POS_0100,2017,3,23,4
16291,CSIS-SIT3,FMT_POS_0320,2017,3,23,4
16292,CSIS-SIT3,FMT_POS_7230,2017,3,23,4
16293,CSIS-SIT3,FMT_POS_7220,2017,3,23,4
16294,CSIS-SIT3,FMT_POS_7210,2017,3,23,4
16295,CSIS-SIT3,FMT_POS_0080,2017,3,23,4
16296,CSIS-SIT3,FMT_POS_0090,2017,3,23,4
16297,CSIS-SIT3,FMT_POS_0060,2017,3,23,4
16298,CSIS-SIT3,FMT_POS_0070,2017,3,23,4
16299,CSIS-SIT3,FMT_POS_0180,2017,3,23,4
16300,CSIS-SIT3,FMT_POS_0290,2017,3,23,4
15647,CSIS-SIT3,FMT_POS_0150,2017,3,24,5
15648,CSIS-SIT3,FMT_POS_0270,2017,3,24,5
15649,CSIS-SIT3,FMT_POS_0130,2017,3,24,5
15650,CSIS-SIT3,FMT_POS_0360,2017,3,24,5
15651,CSIS-SIT3,FMT_POS_0470,2017,3,24,5
15652,CSIS-SIT3,FMT_POS_1570,2017,3,24,5
15653,CSIS-SIT3,FMT_POS_0110,2017,3,24,5
15654,CSIS-SIT3,FMT_POS_0340,2017,3,24,5
15655,CSIS-SIT3,FMT_POS_0310,2017,3,24,5
15656,CSIS-SIT3,FMT_POS_0100,2017,3,24,5
15657,CSIS-SIT3,FMT_POS_0320,2017,3,24,5
15658,CSIS-SIT3,FMT_POS_7230,2017,3,24,5
15659,CSIS-SIT3,FMT_POS_7220,2017,3,24,5
15660,CSIS-SIT3,FMT_POS_7210,2017,3,24,5
15661,CSIS-SIT3,FMT_POS_0080,2017,3,24,5
15662,CSIS-SIT3,FMT_POS_0090,2017,3,24,5
15663,CSIS-SIT3,FMT_POS_0060,2017,3,24,5
15664,CSIS-SIT3,FMT_POS_0070,2017,3,24,5
15665,CSIS-SIT3,FMT_POS_0180,2017,3,24,5
15666,CSIS-SIT3,FMT_POS_0290,2017,3,24,5
15211,CSIS-SIT3,FMT_POS_0150,2017,3,25,6
15212,CSIS-SIT3,FMT_POS_0270,2017,3,25,6
15213,CSIS-SIT3,FMT_POS_0130,2017,3,25,6
15214,CSIS-SIT3,FMT_POS_0360,2017,3,25,6
15215,CSIS-SIT3,FMT_POS_0470,2017,3,25,6
15216,CSIS-SIT3,FMT_POS_1570,2017,3,25,6
15217,CSIS-SIT3,FMT_POS_0110,2017,3,25,6
15218,CSIS-SIT3,FMT_POS_0340,2017,3,25,6
15219,CSIS-SIT3,FMT_POS_0310,2017,3,25,6
15220,CSIS-SIT3,FMT_POS_0100,2017,3,25,6
15221,CSIS-SIT3,FMT_POS_0320,2017,3,25,6
15222,CSIS-SIT3,FMT_POS_7230,2017,3,25,6
15223,CSIS-SIT3,FMT_POS_7220,2017,3,25,6
15224,CSIS-SIT3,FMT_POS_7210,2017,3,25,6
15225,CSIS-SIT3,FMT_POS_0080,2017,3,25,6
15226,CSIS-SIT3,FMT_POS_0090,2017,3,25,6
15227,CSIS-SIT3,FMT_POS_0060,2017,3,25,6
15228,CSIS-SIT3,FMT_POS_0070,2017,3,25,6
15229,CSIS-SIT3,FMT_POS_0180,2017,3,25,6
15230,CSIS-SIT3,FMT_POS_0290,2017,3,25,6
19151,CSIS-SIT3,FMT_POS_0150,2017,3,27,1
19152,CSIS-SIT3,FMT_POS_0270,2017,3,27,1
19153,CSIS-SIT3,FMT_POS_0130,2017,3,27,1
19154,CSIS-SIT3,FMT_POS_0360,2017,3,27,1
19155,CSIS-SIT3,FMT_POS_0470,2017,3,27,1
19156,CSIS-SIT3,FMT_POS_1570,2017,3,27,1
19157,CSIS-SIT3,FMT_POS_0110,2017,3,27,1
19158,CSIS-SIT3,FMT_POS_0340,2017,3,27,1
19159,CSIS-SIT3,FMT_POS_0310,2017,3,27,1
19160,CSIS-SIT3,FMT_POS_0100,2017,3,27,1
19161,CSIS-SIT3,FMT_POS_0320,2017,3,27,1
19162,CSIS-SIT3,FMT_POS_7230,2017,3,27,1
19163,CSIS-SIT3,FMT_POS_7220,2017,3,27,1
19164,CSIS-SIT3,FMT_POS_7210,2017,3,27,1
19165,CSIS-SIT3,FMT_POS_0080,2017,3,27,1
19166,CSIS-SIT3,FMT_POS_0090,2017,3,27,1
19167,CSIS-SIT3,FMT_POS_0060,2017,3,27,1
19168,CSIS-SIT3,FMT_POS_0070,2017,3,27,1
19169,CSIS-SIT3,FMT_POS_0180,2017,3,27,1
19170,CSIS-SIT3,FMT_POS_0290,2017,3,27,1
20648,CSIS-SIT3,FMT_POS_0150,2017,3,28,2
20649,CSIS-SIT3,FMT_POS_0270,2017,3,28,2
20650,CSIS-SIT3,FMT_POS_0130,2017,3,28,2
20651,CSIS-SIT3,FMT_POS_0360,2017,3,28,2
20652,CSIS-SIT3,FMT_POS_0470,2017,3,28,2
20653,CSIS-SIT3,FMT_POS_1570,2017,3,28,2
20654,CSIS-SIT3,FMT_POS_0110,2017,3,28,2
20655,CSIS-SIT3,FMT_POS_0340,2017,3,28,2
20656,CSIS-SIT3,FMT_POS_0310,2017,3,28,2
20657,CSIS-SIT3,FMT_POS_0100,2017,3,28,2
20658,CSIS-SIT3,FMT_POS_0320,2017,3,28,2
20659,CSIS-SIT3,FMT_POS_7230,2017,3,28,2
20660,CSIS-SIT3,FMT_POS_7220,2017,3,28,2
20661,CSIS-SIT3,FMT_POS_7210,2017,3,28,2
20662,CSIS-SIT3,FMT_POS_0080,2017,3,28,2
20663,CSIS-SIT3,FMT_POS_0090,2017,3,28,2
20664,CSIS-SIT3,FMT_POS_0060,2017,3,28,2
20665,CSIS-SIT3,FMT_POS_0070,2017,3,28,2
20666,CSIS-SIT3,FMT_POS_0180,2017,3,28,2
20667,CSIS-SIT3,FMT_POS_0290,2017,3,28,2
18343,CSIS-SIT3,FMT_POS_0150,2017,3,29,3
18344,CSIS-SIT3,FMT_POS_0270,2017,3,29,3
18345,CSIS-SIT3,FMT_POS_0130,2017,3,29,3
18346,CSIS-SIT3,FMT_POS_0360,2017,3,29,3
18347,CSIS-SIT3,FMT_POS_0470,2017,3,29,3
18348,CSIS-SIT3,FMT_POS_1570,2017,3,29,3
18349,CSIS-SIT3,FMT_POS_0110,2017,3,29,3
18350,CSIS-SIT3,FMT_POS_0340,2017,3,29,3
18351,CSIS-SIT3,FMT_POS_0310,2017,3,29,3
18352,CSIS-SIT3,FMT_POS_0100,2017,3,29,3
18353,CSIS-SIT3,FMT_POS_0320,2017,3,29,3
18354,CSIS-SIT3,FMT_POS_7230,2017,3,29,3
18355,CSIS-SIT3,FMT_POS_7220,2017,3,29,3
18356,CSIS-SIT3,FMT_POS_7210,2017,3,29,3
18357,CSIS-SIT3,FMT_POS_0080,2017,3,29,3
18358,CSIS-SIT3,FMT_POS_0090,2017,3,29,3
18359,CSIS-SIT3,FMT_POS_0060,2017,3,29,3
18360,CSIS-SIT3,FMT_POS_0070,2017,3,29,3
18361,CSIS-SIT3,FMT_POS_0180,2017,3,29,3
18362,CSIS-SIT3,FMT_POS_0290,2017,3,29,3
18006,CSIS-SIT3,FMT_POS_0150,2017,3,31,5
18007,CSIS-SIT3,FMT_POS_0270,2017,3,31,5
18008,CSIS-SIT3,FMT_POS_0130,2017,3,31,5
18009,CSIS-SIT3,FMT_POS_0360,2017,3,31,5
18010,CSIS-SIT3,FMT_POS_0470,2017,3,31,5
18011,CSIS-SIT3,FMT_POS_1570,2017,3,31,5
18012,CSIS-SIT3,FMT_POS_0110,2017,3,31,5
18013,CSIS-SIT3,FMT_POS_0340,2017,3,31,5
18014,CSIS-SIT3,FMT_POS_0310,2017,3,31,5
18015,CSIS-SIT3,FMT_POS_0100,2017,3,31,5
18016,CSIS-SIT3,FMT_POS_0320,2017,3,31,5
18017,CSIS-SIT3,FMT_POS_7230,2017,3,31,5
18018,CSIS-SIT3,FMT_POS_7220,2017,3,31,5
18019,CSIS-SIT3,FMT_POS_7210,2017,3,31,5
18020,CSIS-SIT3,FMT_POS_0080,2017,3,31,5
18021,CSIS-SIT3,FMT_POS_0090,2017,3,31,5
18022,CSIS-SIT3,FMT_POS_0060,2017,3,31,5
18023,CSIS-SIT3,FMT_POS_0070,2017,3,31,5
18024,CSIS-SIT3,FMT_POS_0180,2017,3,31,5
18025,CSIS-SIT3,FMT_POS_0290,2017,3,31,5
22498,CSIS-SIT3,FMT_POS_0150,2017,4,5,3
22499,CSIS-SIT3,FMT_POS_0270,2017,4,5,3
22500,CSIS-SIT3,FMT_POS_0130,2017,4,5,3
22501,CSIS-SIT3,FMT_POS_0360,2017,4,5,3
22502,CSIS-SIT3,FMT_POS_0470,2017,4,5,3
22503,CSIS-SIT3,FMT_POS_1570,2017,4,5,3
22504,CSIS-SIT3,FMT_POS_0110,2017,4,5,3
22505,CSIS-SIT3,FMT_POS_0340,2017,4,5,3
22506,CSIS-SIT3,FMT_POS_0310,2017,4,5,3
22507,CSIS-SIT3,FMT_POS_0100,2017,4,5,3
22508,CSIS-SIT3,FMT_POS_0320,2017,4,5,3
22509,CSIS-SIT3,FMT_POS_7230,2017,4,5,3
22510,CSIS-SIT3,FMT_POS_7220,2017,4,5,3
22511,CSIS-SIT3,FMT_POS_7210,2017,4,5,3
22512,CSIS-SIT3,FMT_POS_0080,2017,4,5,3
22513,CSIS-SIT3,FMT_POS_0090,2017,4,5,3
22514,CSIS-SIT3,FMT_POS_0060,2017,4,5,3
22515,CSIS-SIT3,FMT_POS_0070,2017,4,5,3
22516,CSIS-SIT3,FMT_POS_0180,2017,4,5,3
22517,CSIS-SIT3,FMT_POS_0290,2017,4,5,3
25768,CSIS-SIT3,FMT_POS_0150,2017,4,8,6
25769,CSIS-SIT3,FMT_POS_0270,2017,4,8,6
25770,CSIS-SIT3,FMT_POS_0130,2017,4,8,6
25771,CSIS-SIT3,FMT_POS_0360,2017,4,8,6
25772,CSIS-SIT3,FMT_POS_0470,2017,4,8,6
25773,CSIS-SIT3,FMT_POS_1570,2017,4,8,6
25774,CSIS-SIT3,FMT_POS_0110,2017,4,8,6
25775,CSIS-SIT3,FMT_POS_0340,2017,4,8,6
25776,CSIS-SIT3,FMT_POS_0310,2017,4,8,6
25777,CSIS-SIT3,FMT_POS_0100,2017,4,8,6
25778,CSIS-SIT3,FMT_POS_0320,2017,4,8,6
25779,CSIS-SIT3,FMT_POS_7230,2017,4,8,6
25780,CSIS-SIT3,FMT_POS_7220,2017,4,8,6
25781,CSIS-SIT3,FMT_POS_7210,2017,4,8,6
25782,CSIS-SIT3,FMT_POS_0080,2017,4,8,6
25783,CSIS-SIT3,FMT_POS_0090,2017,4,8,6
25784,CSIS-SIT3,FMT_POS_0060,2017,4,8,6
25785,CSIS-SIT3,FMT_POS_0070,2017,4,8,6
25786,CSIS-SIT3,FMT_POS_0180,2017,4,8,6
25787,CSIS-SIT3,FMT_POS_0290,2017,4,8,6
24813,CSIS-SIT3,FMT_POS_0150,2017,4,10,1
24814,CSIS-SIT3,FMT_POS_0270,2017,4,10,1
24815,CSIS-SIT3,FMT_POS_0130,2017,4,10,1
24816,CSIS-SIT3,FMT_POS_0360,2017,4,10,1
24817,CSIS-SIT3,FMT_POS_0470,2017,4,10,1
24818,CSIS-SIT3,FMT_POS_1570,2017,4,10,1
24819,CSIS-SIT3,FMT_POS_0110,2017,4,10,1
24820,CSIS-SIT3,FMT_POS_0340,2017,4,10,1
24821,CSIS-SIT3,FMT_POS_0310,2017,4,10,1
24822,CSIS-SIT3,FMT_POS_0100,2017,4,10,1
24823,CSIS-SIT3,FMT_POS_0320,2017,4,10,1
24824,CSIS-SIT3,FMT_POS_7230,2017,4,10,1
24825,CSIS-SIT3,FMT_POS_7220,2017,4,10,1
24826,CSIS-SIT3,FMT_POS_7210,2017,4,10,1
24827,CSIS-SIT3,FMT_POS_0080,2017,4,10,1
24828,CSIS-SIT3,FMT_POS_0090,2017,4,10,1
24829,CSIS-SIT3,FMT_POS_0060,2017,4,10,1
24830,CSIS-SIT3,FMT_POS_0070,2017,4,10,1
24831,CSIS-SIT3,FMT_POS_0180,2017,4,10,1
24832,CSIS-SIT3,FMT_POS_0290,2017,4,10,1
26415,CSIS-SIT3,FMT_POS_0150,2017,4,11,2
26416,CSIS-SIT3,FMT_POS_0270,2017,4,11,2
26417,CSIS-SIT3,FMT_POS_0130,2017,4,11,2
26418,CSIS-SIT3,FMT_POS_0360,2017,4,11,2
26419,CSIS-SIT3,FMT_POS_0470,2017,4,11,2
26420,CSIS-SIT3,FMT_POS_1570,2017,4,11,2
26421,CSIS-SIT3,FMT_POS_0110,2017,4,11,2
26422,CSIS-SIT3,FMT_POS_0340,2017,4,11,2
26423,CSIS-SIT3,FMT_POS_0310,2017,4,11,2
26424,CSIS-SIT3,FMT_POS_0100,2017,4,11,2
26425,CSIS-SIT3,FMT_POS_0320,2017,4,11,2
26426,CSIS-SIT3,FMT_POS_7230,2017,4,11,2
26427,CSIS-SIT3,FMT_POS_7220,2017,4,11,2
26428,CSIS-SIT3,FMT_POS_7210,2017,4,11,2
26429,CSIS-SIT3,FMT_POS_0080,2017,4,11,2
26430,CSIS-SIT3,FMT_POS_0090,2017,4,11,2
26431,CSIS-SIT3,FMT_POS_0060,2017,4,11,2
26432,CSIS-SIT3,FMT_POS_0070,2017,4,11,2
26433,CSIS-SIT3,FMT_POS_0180,2017,4,11,2
26434,CSIS-SIT3,FMT_POS_0290,2017,4,11,2
28432,CSIS-SIT3,FMT_POS_0150,2017,4,14,5
28433,CSIS-SIT3,FMT_POS_0270,2017,4,14,5
28434,CSIS-SIT3,FMT_POS_0130,2017,4,14,5
28435,CSIS-SIT3,FMT_POS_0360,2017,4,14,5
28436,CSIS-SIT3,FMT_POS_0470,2017,4,14,5
28437,CSIS-SIT3,FMT_POS_1570,2017,4,14,5
28438,CSIS-SIT3,FMT_POS_0110,2017,4,14,5
28439,CSIS-SIT3,FMT_POS_0340,2017,4,14,5
28440,CSIS-SIT3,FMT_POS_0310,2017,4,14,5
28441,CSIS-SIT3,FMT_POS_0100,2017,4,14,5
28442,CSIS-SIT3,FMT_POS_0320,2017,4,14,5
28443,CSIS-SIT3,FMT_POS_7230,2017,4,14,5
28444,CSIS-SIT3,FMT_POS_7220,2017,4,14,5
28445,CSIS-SIT3,FMT_POS_7210,2017,4,14,5
28446,CSIS-SIT3,FMT_POS_0080,2017,4,14,5
28447,CSIS-SIT3,FMT_POS_0090,2017,4,14,5
28448,CSIS-SIT3,FMT_POS_0060,2017,4,14,5
28449,CSIS-SIT3,FMT_POS_0070,2017,4,14,5
28450,CSIS-SIT3,FMT_POS_0180,2017,4,14,5
28451,CSIS-SIT3,FMT_POS_0290,2017,4,14,5
30771,CSIS-SIT3,FMT_POS_0150,2017,4,18,2
30772,CSIS-SIT3,FMT_POS_0270,2017,4,18,2
30773,CSIS-SIT3,FMT_POS_0130,2017,4,18,2
30774,CSIS-SIT3,FMT_POS_0360,2017,4,18,2
30775,CSIS-SIT3,FMT_POS_0470,2017,4,18,2
30776,CSIS-SIT3,FMT_POS_1570,2017,4,18,2
30777,CSIS-SIT3,FMT_POS_0110,2017,4,18,2
30778,CSIS-SIT3,FMT_POS_0340,2017,4,18,2
30779,CSIS-SIT3,FMT_POS_0310,2017,4,18,2
30780,CSIS-SIT3,FMT_POS_0100,2017,4,18,2
30781,CSIS-SIT3,FMT_POS_0320,2017,4,18,2
30782,CSIS-SIT3,FMT_POS_7230,2017,4,18,2
30783,CSIS-SIT3,FMT_POS_7220,2017,4,18,2
30784,CSIS-SIT3,FMT_POS_7210,2017,4,18,2
30785,CSIS-SIT3,FMT_POS_0080,2017,4,18,2
30786,CSIS-SIT3,FMT_POS_0090,2017,4,18,2
30787,CSIS-SIT3,FMT_POS_0060,2017,4,18,2
30788,CSIS-SIT3,FMT_POS_0070,2017,4,18,2
30789,CSIS-SIT3,FMT_POS_0180,2017,4,18,2
30790,CSIS-SIT3,FMT_POS_0290,2017,4,18,2
1453,CSIS-SIT3,FMT_POS_0150,2017,4,19,3
1454,CSIS-SIT3,FMT_POS_0270,2017,4,19,3
1455,CSIS-SIT3,FMT_POS_0130,2017,4,19,3
1456,CSIS-SIT3,FMT_POS_0360,2017,4,19,3
1457,CSIS-SIT3,FMT_POS_0470,2017,4,19,3
1458,CSIS-SIT3,FMT_POS_1570,2017,4,19,3
1459,CSIS-SIT3,FMT_POS_0110,2017,4,19,3
1460,CSIS-SIT3,FMT_POS_0340,2017,4,19,3
1461,CSIS-SIT3,FMT_POS_0310,2017,4,19,3
1462,CSIS-SIT3,FMT_POS_0100,2017,4,19,3
1463,CSIS-SIT3,FMT_POS_0320,2017,4,19,3
1464,CSIS-SIT3,FMT_POS_7230,2017,4,19,3
1465,CSIS-SIT3,FMT_POS_7220,2017,4,19,3
1466,CSIS-SIT3,FMT_POS_7210,2017,4,19,3
1467,CSIS-SIT3,FMT_POS_0080,2017,4,19,3
1468,CSIS-SIT3,FMT_POS_0090,2017,4,19,3
1469,CSIS-SIT3,FMT_POS_0060,2017,4,19,3
1470,CSIS-SIT3,FMT_POS_0070,2017,4,19,3
1471,CSIS-SIT3,FMT_POS_0180,2017,4,19,3
1472,CSIS-SIT3,FMT_POS_0290,2017,4,19,3
31332,CSIS-SIT3,FMT_POS_0150,2017,4,20,4
31333,CSIS-SIT3,FMT_POS_0270,2017,4,20,4
31334,CSIS-SIT3,FMT_POS_0130,2017,4,20,4
31335,CSIS-SIT3,FMT_POS_0360,2017,4,20,4
31336,CSIS-SIT3,FMT_POS_0470,2017,4,20,4
31337,CSIS-SIT3,FMT_POS_1570,2017,4,20,4
31338,CSIS-SIT3,FMT_POS_0110,2017,4,20,4
31339,CSIS-SIT3,FMT_POS_0340,2017,4,20,4
31340,CSIS-SIT3,FMT_POS_0310,2017,4,20,4
31341,CSIS-SIT3,FMT_POS_0100,2017,4,20,4
31342,CSIS-SIT3,FMT_POS_0320,2017,4,20,4
31343,CSIS-SIT3,FMT_POS_7230,2017,4,20,4
31344,CSIS-SIT3,FMT_POS_7220,2017,4,20,4
31345,CSIS-SIT3,FMT_POS_7210,2017,4,20,4
31346,CSIS-SIT3,FMT_POS_0080,2017,4,20,4
31347,CSIS-SIT3,FMT_POS_0090,2017,4,20,4
31348,CSIS-SIT3,FMT_POS_0060,2017,4,20,4
31349,CSIS-SIT3,FMT_POS_0070,2017,4,20,4
31350,CSIS-SIT3,FMT_POS_0180,2017,4,20,4
31351,CSIS-SIT3,FMT_POS_0290,2017,4,20,4
30628,CSIS-SIT3,FMT_POS_0150,2017,4,21,5
30629,CSIS-SIT3,FMT_POS_0270,2017,4,21,5
30630,CSIS-SIT3,FMT_POS_0130,2017,4,21,5
30631,CSIS-SIT3,FMT_POS_0360,2017,4,21,5
30632,CSIS-SIT3,FMT_POS_0470,2017,4,21,5
30633,CSIS-SIT3,FMT_POS_1570,2017,4,21,5
30634,CSIS-SIT3,FMT_POS_0110,2017,4,21,5
30635,CSIS-SIT3,FMT_POS_0340,2017,4,21,5
30636,CSIS-SIT3,FMT_POS_0310,2017,4,21,5
30637,CSIS-SIT3,FMT_POS_0100,2017,4,21,5
30638,CSIS-SIT3,FMT_POS_0320,2017,4,21,5
30639,CSIS-SIT3,FMT_POS_7230,2017,4,21,5
30640,CSIS-SIT3,FMT_POS_7220,2017,4,21,5
30641,CSIS-SIT3,FMT_POS_7210,2017,4,21,5
30642,CSIS-SIT3,FMT_POS_0080,2017,4,21,5
30643,CSIS-SIT3,FMT_POS_0090,2017,4,21,5
30644,CSIS-SIT3,FMT_POS_0060,2017,4,21,5
30645,CSIS-SIT3,FMT_POS_0070,2017,4,21,5
30646,CSIS-SIT3,FMT_POS_0180,2017,4,21,5
30647,CSIS-SIT3,FMT_POS_0290,2017,4,21,5
